Name,Recom_CPU_Max_Temp,Min_CPU_Lithography,Min_CPU_Physical_Cores,Recom_CPU_CPU_Speed,Recom_CPU_Lithography,Min_GPU_Memory,Min_GPU_Memory_Speed,Min_GPU_Direct_X,Min_GPU_Pixel_Rate,Min_GPU_Texture_Rate,Min_GPU_Memory_Bandwidth,Min_OS_Coded,Recom_OS_Coded,Min_HDD_Coded,Recom_HDD_Coded,Min_DirectX_coded
Mass Effect 3: Rebellion,61.0,65.0,2.0,2.75,65.0,512.0,395.0,10.55,1.0,2.5,6.3,132,132,1.0,1.0,9
Starena,30.5,55.0,2.0,2.8,55.0,768.0,899.0,11.05,3.0,6.0,21.6,132,1064,2.0,2.0,11
Epigenesis,35.0,65.0,2.0,2.215,65.0,512.0,625.0,11.05,8.5,17.0,40.0,132,132,1.0,2.0,9
Star Wars Jedi: Survivor,0.0,27.0,4.0,3.5,14.0,1024.0,1187.5,11.1,15.0,30.0,76.0,764,764,55.0,55.0,11
Train Giant A-Train 9,35.0,90.0,1.5,2.215,65.0,896.0,600.0,10.05,6.5,17.5,23.2,132,132,1.2,1.2,9
Dandara: Trials of Fear Edition,32.5,122.5,1.0,3.2,33.5,512.0,816.5,10.55,6.5,12.0,37.35,164,1064,1.0,1.0,9
Stone Rage,50.0,32.0,5.0,3.4,14.0,1024.0,1375.0,11.15,16.5,45.5,88.0,1064,1064,8.0,8.0,11
Mr. Prepper,33.5,45.0,2.0,3.35,17.0,512.0,849.0,11.05,4.0,5.5,20.0,164,1064,5.0,5.0,9
Clutch,0.0,130.0,1.0,2.5835,110.0,64.0,100.0,9.0,0.0,0.0,1.6,132,132,2.0,2.0,9
Crusader Kings II: Sword of Islam,30.0,110.0,1.0,2.3665000000000003,65.0,384.0,950.0,9.5,5.0,8.0,60.8,132,132,1.0,1.0,9
NekoPara Vol. 1,66.5,180.0,1.0,2.1,77.5,320.0,550.0,9.5,1.0,2.5,6.8,232,232,0.0,0.0,9
Sonic Lost World,67.5,55.0,2.0,2.83,45.0,512.0,814.0,10.0,11.0,27.0,78.6,132,732,8.0,8.0,9
Zero Escape: Zero Time Dilemma,67.0,38.5,2.5,2.85,48.5,512.0,1158.5,11.15,12.0,27.0,57.05,732,764,4.0,6.0,11
Titanic: Honor and Glory,36.5,38.5,3.0,3.15,27.0,1536.0,1076.0,11.0,6.5,15.0,34.45,764,764,4.0,4.0,11
BIT.TRIP Presents Runner2: Future Legend of Rhythm Alien,0.0,180.0,1.0,2.4,90.0,64.0,266.5,9.0,0.0,0.0,4.25,132,132,0.0,0.0,9
Night Call,85.0,23.0,3.0,3.35,23.0,448.0,567.0,11.0,10.5,38.5,63.5,732,764,2.0,2.0,11
Defenders of Ardania: Battlemagic,0.0,110.0,1.0,2.9,77.5,384.0,450.0,10.05,2.0,5.0,11.2,132,132,0.0,0.0,9
Thief Simulator,52.5,27.0,6.0,3.45,18.0,1024.0,1375.0,11.15,16.5,45.5,88.0,764,1064,5.0,5.0,10
Dawn of War 3,33.5,38.5,3.0,3.45,27.0,1536.0,1126.0,11.0,25.5,57.0,144.15,764,1064,50.0,50.0,11
Cosmic Highway,66.5,180.0,1.0,2.1,77.5,320.0,550.0,9.5,1.0,2.5,6.8,132,132,0.0,0.0,9
007 Legends,36.0,77.5,2.0,3.2,45.0,896.0,600.0,10.05,6.5,17.5,23.2,132,764,7.0,7.0,9
Dispatcher,67.5,65.0,2.0,3.35,38.5,1664.0,1018.5,11.05,26.0,44.5,143.75,764,864,6.0,6.0,11
Arma III: Karts,67.5,77.5,2.0,2.9,38.5,384.0,865.0,10.05,10.5,22.5,42.1,232,764,15.0,25.0,10
Worms: Ultimate Mayhem,66.5,90.0,1.0,2.05,65.0,512.0,400.0,10.1,5.0,19.0,12.8,132,132,2.0,2.0,9
London 2012: The Official Olympics Video Game,35.5,45.0,2.0,2.9,55.0,256.0,600.0,10.0,3.0,7.0,19.2,232,764,10.0,10.0,10
Fracture the Flag,69.5,33.5,2.5,2.9,38.5,640.0,840.0,9.5,5.0,7.0,53.75,732,764,0.0,15.0,10
Lair of the Evildoer,66.5,180.0,1.0,2.1,77.5,320.0,550.0,9.5,1.0,2.5,6.8,132,132,0.0,0.0,9
Into the Breach,66.5,180.0,1.0,2.1,77.5,320.0,550.0,9.5,1.0,2.5,6.8,132,132,0.0,0.0,9
Viscera Cleanup Detail: Shadow Warrior,73.0,65.0,2.0,3.03,38.5,512.0,1013.0,10.05,11.0,23.0,64.85,732,764,1.0,1.0,9
The Flame in the Flood,31.0,77.5,2.0,3.1500000000000004,55.0,768.0,850.0,11.0,3.0,5.5,13.6,764,764,5.0,5.0,11
Fuser,84.0,18.0,4.0,3.7,14.5,1024.0,1375.0,11.15,16.5,45.5,88.0,764,1064,10.0,10.0,11
Lumberjack Simulator,36.5,45.0,4.0,3.5,18.0,1024.0,1751.5,12.05,28.5,71.0,56.1,764,1064,2.0,2.0,11
ShockRods,0.0,14.0,4.0,3.8,13.0,1024.0,1751.0,12.05,33.0,62.5,56.05,764,1064,5.0,5.0,12
Ashes Cricket 2013,70.0,38.5,2.5,3.05,38.5,768.0,900.0,10.55,7.5,20.5,72.0,232,764,11.0,11.0,9
The Lego Movie 2 Videogame,72.5,130.0,1.0,2.55,65.0,192.0,300.0,9.0,1.0,1.0,7.6,132,132,8.0,6.0,9
Demons Souls Remake,36.5,32.0,4.0,3.4,23.0,2560.0,1376.0,11.1,29.5,94.5,216.15,764,764,25.0,25.0,11
Windlands,36.5,55.0,2.0,3.65,27.0,640.0,946.5,10.05,12.0,21.5,75.0,764,764,3.0,3.0,11
Akaneiro: Demon Hunters,0.0,180.0,1.0,2.03,155.0,320.0,550.0,9.5,1.0,2.5,6.8,132,132,4.0,4.0,9
Furious Seas,36.5,18.0,4.0,3.75,27.0,4096.0,1751.0,12.05,43.0,124.5,168.05,1064,1064,8.0,8.0,11
Pole Position 2012,37.0,65.0,2.0,2.615,45.0,256.0,500.0,9.5,1.0,2.5,16.0,132,132,1.0,1.0,9
Bastion,0.0,55.0,2.0,2.63,90.0,256.0,416.5,9.55,1.0,1.0,6.65,132,132,1.0,1.6,9
Fallout 4,36.5,38.5,4.0,4.15,11.0,1536.0,1112.5,11.05,27.0,54.5,126.0,764,764,30.0,30.0,11
Unavowed,66.5,180.0,1.0,2.1,77.5,320.0,550.0,9.5,1.0,2.5,6.8,132,132,3.0,3.0,5
Time To Stop Time,34.5,32.0,5.0,3.55,32.0,1024.0,1051.0,11.0,13.5,29.5,67.25,764,1064,20.0,20.0,11
Company of Heroes,32.5,180.0,1.0,2.4,90.0,320.0,550.0,9.5,1.0,2.5,6.8,132,0,6.5,0.0,9
Steep: 90's,52.5,32.0,5.0,3.75,27.0,2048.0,1376.0,11.55,20.5,69.5,112.1,764,764,25.0,25.0,11
Atelier Escha & Logy: Alchemists of the Dusk Sky DX,36.5,38.5,3.0,3.7,32.0,2048.0,1351.0,11.1,28.5,81.5,148.89999999999998,864,1064,17.0,17.0,11
The Day Before,0.0,27.0,5.0,3.35,14.0,2048.0,1576.5,12.05,34.5,68.5,145.7,764,764,75.0,75.0,11
Armored Warfare,71.5,55.0,2.0,2.9000000000000004,33.5,512.0,600.0,10.05,4.5,14.0,19.200000000000003,232,764,10.0,10.0,9
Out of the Park Baseball 19,72.0,130.0,1.0,2.615,45.0,192.0,700.0,9.5,3.5,6.0,33.599999999999994,232,764,7.0,20.0,9
Killing Room,69.5,33.5,2.5,2.9,38.5,1536.0,1075.0,11.15,6.0,14.5,34.4,764,764,5.0,5.0,9
Slay the Spire,66.5,180.0,1.0,2.1,77.5,320.0,550.0,9.5,1.0,2.5,6.8,132,132,0.0,0.0,9
Barn Finders,36.5,27.0,6.0,3.3,18.0,2048.0,1451.0,11.15,29.0,97.0,161.7,764,1064,21.0,21.0,11
Chaos on Deponia,36.0,130.0,1.0,2.7,77.5,512.0,595.0,10.55,3.5,6.5,9.5,132,132,5.0,5.0,9
Rain Island: Orange,0.0,32.0,6.0,3.6,14.0,4096.0,1126.5,12.0,71.0,190.0,368.2,764,1064,1.0,1.0,11
The Quiet Man,65.0,38.5,4.0,2.9000000000000004,32.0,2048.0,1375.0,11.6,24.0,52.5,132.8,764,764,40.0,40.0,11
Grimm Ep 14 - Iron John,66.5,180.0,1.0,2.1,77.5,320.0,550.0,9.5,1.0,2.5,6.8,132,132,0.0,0.0,9
South Park: The Fractured But Whole - Danger Deck,36.5,32.0,4.0,3.75,27.0,2048.0,1225.0,11.1,22.5,44.5,116.8,764,764,30.0,30.0,11
Orion: Dino Beatdown,35.0,65.0,2.0,2.215,65.0,128.0,250.0,9.55,0.0,0.0,8.0,132,132,8.0,8.0,9
Dangerous,66.5,155.0,1.0,1.85,65.0,192.0,727.5,9.0,0.0,0.0,38.95,132,132,0.0,0.0,9
StarCrossed (2020),36.5,27.0,6.0,3.35,27.0,1024.0,1112.5,11.0,18.0,31.5,87.6,732,1064,1.0,1.0,10
Heat,0.0,18.0,4.0,3.8,13.0,4096.0,1751.5,12.0,43.0,102.5,168.2,764,764,70.0,70.0,11
Hearts of Iron IV: La Resistance,67.5,45.0,4.0,2.93,45.0,1152.0,918.5,11.0,23.5,43.0,130.95,764,232,2.0,2.0,9
Clustertruck,32.5,65.0,2.0,3.2,33.5,768.0,450.0,10.6,3.0,6.5,7.2,732,764,0.0,0.0,9
Skellboy Refractured,0.0,45.0,2.0,3.515,29.5,320.0,550.0,9.5,1.0,2.5,6.8,764,764,1.0,1.0,10
Tides of Existence,52.5,38.5,4.0,3.7,27.0,2048.0,1351.0,11.1,28.5,81.5,148.89999999999998,764,1064,15.0,15.0,11
Hotel Endless,66.5,180.0,1.0,2.1,77.5,320.0,550.0,9.5,1.0,2.5,6.8,132,132,0.0,0.0,9
Where Angels Cry,0.0,155.0,1.0,2.9,77.5,128.0,600.0,10.0,2.0,3.0,3.2,132,132,1.0,1.0,10
To Be or Not To Be,66.5,180.0,1.0,2.1,77.5,320.0,550.0,9.5,1.0,2.5,6.8,132,132,0.0,0.0,9
Spacies,66.5,180.0,1.0,2.1,77.5,320.0,550.0,9.5,1.0,2.5,6.8,132,132,0.0,0.0,9
They Bleed Pixels,71.0,77.5,2.0,2.63,55.0,384.0,700.0,9.5,2.0,4.5,33.599999999999994,132,132,0.0,0.0,9
Overboard!,32.5,65.0,2.0,3.2,33.5,768.0,450.0,10.6,3.0,6.5,7.2,164,164,1.0,1.0,9
NoseBound,36.5,55.0,2.0,3.55,18.0,768.0,950.0,10.5,7.5,18.5,60.8,764,1064,4.0,4.0,9
blackguards 2,70.5,65.0,2.0,3.0,48.5,256.0,700.0,10.0,3.5,7.5,22.4,132,764,12.0,12.0,9
Warhammer: The End Times - Vermintide,36.5,45.0,4.0,4.15,11.0,1024.0,1050.0,11.5,18.0,36.0,96.0,764,764,20.0,30.0,11
S.T.A.L.K.E.R : Lost,66.5,180.0,1.0,2.1,77.5,320.0,550.0,9.5,1.0,2.5,6.8,132,132,0.0,0.0,9
War of the Roses: Kingmaker,35.0,65.0,2.0,2.215,65.0,512.0,900.0,10.05,9.5,26.0,57.6,764,764,5.0,5.0,11
Legend of Mana,69.5,33.5,2.5,2.9,38.5,2048.0,1012.5,12.0,11.5,24.5,50.4,764,764,15.0,15.0,11
Valheim,0.0,55.0,4.0,3.1,14.0,2560.0,1514.0,11.6,34.0,87.5,184.9,764,764,1.0,1.0,11
The Colonists,32.5,65.0,2.0,3.2,33.5,768.0,450.0,10.6,3.0,6.5,7.2,132,764,2.0,2.0,9
Planet Coaster - Quick Draw Interactive Shooting Ride,36.5,32.0,4.0,3.7,27.0,1536.0,1100.5,11.05,27.0,50.0,140.85,764,764,8.0,8.0,11
Doctor Who: The Edge Of Time,50.0,27.0,6.0,3.4000000000000004,14.0,4096.0,1701.0,12.05,42.0,110.5,161.64999999999998,1064,1064,5.0,5.0,11
Vampire: The Masquerade - Swansong,36.5,38.5,3.0,3.75,27.0,2048.0,1487.5,11.6,17.5,53.5,95.2,1064,764,40.0,40.0,11
Pizza Connection 3,36.5,27.0,3.0,3.8,27.0,1536.0,1008.0,11.05,13.5,27.5,50.25,264,1064,2.5,2.5,11
Roundabout,67.0,65.0,2.0,3.45,32.0,768.0,850.0,11.0,4.0,13.0,40.0,132,764,4.0,4.0,9
Blackguards: Untold Legends,35.0,65.0,2.0,2.215,65.0,384.0,850.0,10.0,4.0,8.5,27.2,132,764,20.0,20.0,9
Cities In Motion,66.5,90.0,1.0,2.05,65.0,512.0,600.0,9.5,1.0,2.0,19.200000000000003,132,132,2.0,2.0,9
Slayaway Camp,66.5,180.0,1.0,2.1,77.5,320.0,550.0,9.5,1.0,2.5,6.8,132,132,0.0,0.0,9
Tiger Woods PGA Tour 12: The Masters,30.5,110.0,1.5,2.15,65.0,192.0,272.5,9.0,0.0,0.0,6.550000000000001,132,0,6.0,6.0,9
Dead Island: Epidemic,37.0,65.0,2.0,3.23,45.0,128.0,255.0,10.05,4.0,14.0,8.15,132,764,6.0,6.0,9
The Legend of Heroes: Trails into Reverie,35.5,38.5,3.0,3.1,23.0,1024.0,1237.5,11.1,15.5,49.5,79.2,764,1064,25.0,25.0,11
Rigid Boy 2,66.5,180.0,1.0,2.1,77.5,320.0,550.0,9.5,1.0,2.5,6.8,132,132,0.0,0.0,9
Blue Fire,69.5,33.5,2.5,2.9,38.5,2048.0,1012.5,12.0,11.5,24.5,50.4,764,764,6.0,6.0,11
Iron Front: Liberation 1944,72.0,65.0,2.0,3.03,38.5,128.0,350.0,10.05,2.0,4.5,11.2,132,132,10.0,20.0,9
Shadwen,35.5,43.5,2.0,3.03,38.5,704.0,949.5,10.05,14.0,35.5,113.55,232,764,4.0,4.0,10
Spaceland,30.5,55.0,2.0,2.8,55.0,1024.0,1112.5,11.0,18.0,31.5,87.6,764,1064,1.0,1.0,11
Pid,39.0,155.0,1.0,1.75,65.0,256.0,250.0,10.0,2.5,4.0,4.0,132,132,3.0,3.0,9
Minecraft: Dungeons,36.5,33.5,3.0,3.75,27.0,2048.0,1351.0,11.1,28.5,81.5,148.89999999999998,764,1064,6.0,6.0,11
Offworld Trading Company,66.5,33.5,2.5,3.1,45.0,416.0,596.0,10.05,7.5,15.5,38.1,764,864,2.0,2.0,10
Halo 4,50.0,36.5,4.0,3.1,14.0,1024.0,1026.0,11.1,10.5,25.0,65.65,732,1064,55.0,55.0,11
Alchemist Simulator,36.5,27.0,3.0,3.35,27.0,2048.0,1351.0,11.1,28.5,81.5,148.89999999999998,764,1064,5.0,5.0,9
DuckTales: Remastered,66.5,180.0,1.0,2.1,77.5,320.0,550.0,9.5,1.0,2.5,6.8,132,132,3.0,3.0,9
Tomb Raider Definitive Survival Trilogy,36.5,27.0,3.0,3.35,18.0,2048.0,1563.5,12.05,39.0,83.5,144.05,764,1064,40.0,40.0,11
Marlow Briggs And The Mask Of Death,71.0,77.5,2.0,2.65,45.0,0.0,400.0,10.05,2.0,3.0,0.0,732,732,3.0,3.0,9
Secret Weapons Over Normandy,0.0,180.0,1.0,2.2235,130.0,128.0,600.0,10.0,2.0,3.0,3.2,132,132,1.0,1.0,9
The Walking Dead: Season 2 - Episode 2: A House Divided,36.5,155.0,1.0,2.5,65.0,256.0,200.0,10.1,2.0,2.0,3.2,132,732,2.0,2.0,9
Mafia 3: Definitive Edition,52.5,32.0,6.0,3.7,27.0,2048.0,1351.0,11.1,28.5,81.5,148.89999999999998,764,764,50.0,50.0,11
Woven,0.0,14.0,4.0,3.15,14.0,2560.0,1376.0,11.1,25.0,100.0,192.1,732,1064,2.0,2.0,11
RambleRumble,66.5,180.0,1.0,2.1,77.5,320.0,550.0,9.5,1.0,2.5,6.8,132,132,0.0,0.0,9
Grimm Ep 9 - The Master Thief,66.5,180.0,1.0,2.1,77.5,320.0,550.0,9.5,1.0,2.5,6.8,132,132,0.0,0.0,9
South Park: The Fractured But Whole - Relics of Zaron,36.5,32.0,4.0,3.75,27.0,2048.0,1225.0,11.1,22.5,44.5,116.8,764,764,30.0,30.0,11
Phantom Doctrine,36.5,45.0,4.0,3.35,32.0,1536.0,1275.0,11.1,21.5,57.0,120.0,764,1064,20.0,20.0,11
Nightmares from the Deep: The Cursed Heart,0.0,90.0,1.0,1.83,155.0,320.0,550.0,9.5,1.0,2.5,6.8,132,132,1.0,1.0,9
Endless Memories,70.0,55.0,2.0,2.85,38.5,768.0,899.0,11.05,3.0,6.0,21.6,764,1064,2.0,2.0,11
Final Fantasy XIV Online,65.0,65.0,2.0,2.78,45.0,512.0,864.0,10.0,10.0,21.5,74.6,132,732,15.0,21.0,9
Atlantica Online,0.0,180.0,1.0,1.875,130.0,128.0,310.0,9.0,1.0,1.0,7.75,200,232,15.0,20.0,9
Hitman 3,36.5,38.5,4.0,3.4000000000000004,18.0,2048.0,1351.0,11.1,28.5,81.5,148.89999999999998,1064,1064,80.0,80.0,12
Dead Effect 2,52.5,32.0,5.0,3.7,27.0,2048.0,1313.5,11.1,24.5,69.5,132.15,764,764,11.0,11.0,9
Tom Clancy Splinter Cell: Conviction,66.5,77.5,1.5,1.95,65.0,256.0,650.0,9.0,0.0,0.0,41.6,132,132,10.0,10.0,9
Dead GroundZ,36.5,27.0,6.0,3.4000000000000004,18.0,4096.0,1751.5,12.0,53.5,152.5,224.2,764,1064,4.0,4.0,11
Party Hard 2,64.0,38.5,2.0,3.25,32.0,896.0,1025.0,10.5,12.5,21.5,80.0,164,164,6.0,6.0,9
Overlord 2,61.0,65.0,2.0,1.86,65.0,384.0,750.0,9.5,1.5,3.0,36.8,132,0,1.5,1.5,9
Skylanders: Giants,36.0,77.5,2.0,2.6,55.0,128.0,600.0,10.0,2.0,3.0,3.2,132,764,3.0,3.0,9
10 Second Ninja,66.5,155.0,1.0,2.1,77.5,256.0,600.0,10.0,3.0,7.0,19.2,132,132,0.0,0.0,9
Food Truck Simulator,35.5,33.5,3.0,3.0,23.0,2048.0,1351.0,11.1,28.5,81.5,148.89999999999998,764,1064,15.0,15.0,11
QuestRun,66.5,180.0,1.0,2.1,77.5,320.0,550.0,9.5,1.0,2.5,6.8,132,132,0.0,0.0,9
We. The Revolution,69.5,45.0,2.5,3.35,32.0,512.0,1013.0,10.05,11.0,16.5,64.85,764,1064,4.0,4.0,11
Sweet House,66.5,180.0,1.0,2.1,77.5,320.0,550.0,9.5,1.0,2.5,6.8,764,1064,4.0,4.0,9
Chaos Legion,0.0,180.0,1.0,1.415,180.0,64.0,358.0,7.55,0.0,0.0,5.050000000000001,98,0,0.0,1.0,8
The Elder Scrolls V: Dragonborn,66.5,65.0,2.0,2.73,45.0,256.0,400.0,10.1,0.0,0.0,6.4,132,764,1.0,1.0,9
Age of Darkness: Final Stand,0.0,23.0,7.0,3.35,7.0,4096.0,1751.5,12.0,53.5,152.5,224.2,1064,1064,5.0,5.0,11
Myst (2021),36.5,14.0,3.0,3.4,18.0,4096.0,1751.0,12.05,42.5,113.0,168.05,1064,1064,20.0,20.0,11
Griefhelm,69.5,55.0,4.0,2.75,38.5,1152.0,943.5,11.0,26.5,42.0,134.15,764,1064,4.0,4.0,11
Gleamlight,36.5,27.0,4.0,3.4,27.0,2560.0,1501.0,11.15,32.5,113.5,240.15,1064,1064,10.0,10.0,11
Sherlock Holmes Chapter One,36.5,38.5,3.0,3.75,27.0,2048.0,1487.5,11.6,17.5,53.5,95.2,764,764,40.0,40.0,11
Titan Quest: Immortal Throne,0.0,180.0,1.0,2.5835,110.0,64.0,375.0,8.1,0.0,0.0,6.0,200,132,5.0,5.0,9
Argo,67.5,77.5,2.0,2.9,38.5,384.0,865.0,10.05,10.5,22.5,42.1,232,764,15.0,25.0,10
StarCraft II: Wings of Liberty,35.5,130.0,1.0,2.15,65.0,384.0,450.0,10.0,8.5,10.5,43.2,132,232,12.0,12.0,9
Crowns and Pawns: Kingdom of Deceit,30.5,180.0,1.0,2.8,55.0,256.0,600.0,10.0,2.0,3.0,8.0,764,1064,4.0,4.0,10
Dirt 3,36.5,65.0,2.0,2.95,45.0,256.0,600.0,10.0,3.0,7.0,19.2,132,732,15.0,15.0,9
Dear Esther: Landmark Edition,30.0,90.0,1.0,2.65,65.0,128.0,237.5,9.0,0.0,0.0,3.8,132,132,2.0,2.0,9
Franchise Hockey Manager 4,30.5,180.0,1.0,2.8,55.0,256.0,600.0,10.0,2.0,3.0,8.0,764,1064,6.0,6.0,10
Headlander,37.0,65.0,2.0,3.23,45.0,128.0,255.0,10.05,4.0,14.0,8.15,132,764,2.0,2.0,9
Dishonored II,36.5,32.0,6.0,3.7,27.0,2560.0,1438.5,11.1,27.5,100.5,204.1,764,1064,60.0,60.0,11
Dr Who Episode 5 - The Gunpowder Plot,66.5,130.0,1.0,1.85,65.0,192.0,525.0,9.5,1.5,3.0,16.799999999999997,132,132,1.5,1.5,9
Terminator: Resistance,0.0,27.0,5.0,3.1,13.0,2048.0,1751.0,12.05,33.5,70.0,112.05,764,1064,32.0,32.0,11
Alder's Blood,30.5,155.0,1.0,2.8,55.0,640.0,946.5,10.05,12.0,21.5,75.0,732,1064,2.0,2.0,9
Teslagrad,66.5,180.0,1.0,2.1,77.5,320.0,550.0,9.5,1.0,2.5,6.8,132,132,1.0,1.0,9
Survivor Squad,66.5,180.0,1.0,2.1,77.5,320.0,550.0,9.5,1.0,2.5,6.8,132,132,1.0,1.0,9
Total War: Warhammer 2 - Tretch Craventail,36.5,65.0,2.5,3.6,27.0,1024.0,1050.0,11.5,18.0,36.0,96.0,764,764,60.0,60.0,11
Football Manager 2020,72.0,130.0,1.0,2.615,45.0,512.0,650.0,10.05,4.5,9.0,24.8,232,764,7.0,7.0,9
Walker,36.0,180.0,1.0,1.85,65.0,320.0,550.0,9.5,1.0,2.5,6.8,132,132,1.0,1.0,9
Jupiter Hell,71.0,55.0,2.0,2.5,55.0,1280.0,850.0,11.0,3.0,4.0,20.8,764,1064,2.0,2.0,11
Chompy Chomp Chomp,66.5,180.0,1.0,2.1,77.5,320.0,550.0,9.5,1.0,2.5,6.8,132,132,0.0,0.0,9
MotoGP 17,36.5,38.5,4.0,4.05,11.0,2048.0,845.5,11.0,10.0,24.0,27.05,764,1064,33.0,33.0,10
Wasteland 3,36.5,32.0,6.0,3.4,18.0,2560.0,1438.5,11.1,31.5,108.5,228.15,764,1064,55.0,55.0,11
The Room VR: A Dark Matter,36.5,23.0,3.0,3.4,18.0,4096.0,1701.0,12.05,42.0,110.5,161.64999999999998,1064,1064,4.0,4.0,11
Planetary Annihilation: TITANS,36.5,38.5,3.0,3.5,32.0,768.0,900.0,11.0,3.5,11.0,57.6,764,764,5.0,7.0,9
Whispering Willows,37.0,65.0,2.0,3.23,45.0,128.0,655.0,10.5,4.5,15.5,20.950000000000003,732,764,3.0,3.0,9
Mighty Goose,32.5,65.0,2.0,3.2,33.5,768.0,450.0,10.6,3.0,6.5,7.2,764,1064,1.0,1.0,9
Inscryption,33.5,38.5,4.0,3.7,27.0,1024.0,1012.5,11.0,23.5,33.0,113.2,764,1064,2.0,3.0,0
Pagan Peak VR,50.0,14.0,4.0,3.4000000000000004,14.0,5120.0,1876.0,12.05,62.5,165.0,208.1,1064,1064,16.0,16.0,12
Homefront: The Revolution,36.5,27.0,4.0,3.4,32.0,1536.0,1313.5,11.5,22.0,57.5,116.15,764,764,38.0,38.0,11
Soccer Manager 2016,66.5,180.0,1.0,2.1,77.5,192.0,562.5,9.0,2.5,2.5,29.2,132,732,3.0,3.0,9
Year Walk,35.0,180.0,1.0,2.8,97.5,320.0,550.0,9.5,1.0,2.5,6.8,132,764,1.1,1.1,9
Dragon Knights,37.0,110.0,1.0,2.9,45.0,384.0,750.0,9.55,0.0,0.0,24.0,132,764,3.0,5.0,9
The Next Door,32.5,65.0,2.0,3.2,33.5,2048.0,1200.0,11.15,12.5,29.5,76.8,132,764,1.0,1.0,9
RuneScape 3,70.0,38.5,3.0,2.85,38.5,1280.0,716.5,11.0,3.0,4.0,18.65,264,1064,8.0,8.0,10
Trine 2,30.0,55.0,2.0,2.65,65.0,256.0,675.0,9.55,1.5,1.5,14.0,132,132,1.5,1.5,9
Dark Quest 2,66.5,180.0,1.0,2.1,77.5,320.0,550.0,9.5,1.0,2.5,6.8,732,1064,2.0,2.0,9
Spirit of the North,36.5,27.0,6.0,3.35,27.0,2560.0,1501.5,11.6,34.0,89.5,176.1,1064,1064,4.0,4.0,11
Fallout 3: Broken Steel,66.5,130.0,1.0,1.85,65.0,256.0,790.0,9.0,3.0,3.0,50.55,132,132,2.0,2.0,9
Life After Us: Fading Light,66.5,180.0,1.0,2.1,77.5,320.0,550.0,9.5,1.0,2.5,6.8,132,132,0.0,0.0,9
Court of Ashes,30.5,180.0,1.0,2.8,55.0,256.0,600.0,10.0,2.0,3.0,8.0,764,1064,2.0,2.0,10
Sokobond,66.5,180.0,1.0,2.1,77.5,320.0,550.0,9.5,1.0,2.5,6.8,132,132,0.0,0.0,9
Medieval Kingdom Wars,72.0,55.0,2.0,2.6,55.0,1024.0,900.0,11.0,4.0,13.5,28.8,232,764,5.0,7.0,9
Age of Civilizations 2,69.5,33.5,2.5,2.9,38.5,2048.0,1012.5,12.0,11.5,24.5,50.4,764,764,1.0,1.0,11
Outlast 2,71.5,38.5,2.5,2.8,32.0,704.0,949.5,10.05,14.0,35.5,113.55,264,764,30.0,30.0,10
Final Approach,36.5,27.0,6.0,4.05,11.0,4096.0,1501.5,11.6,63.5,137.5,272.2,764,764,20.0,20.0,0
Ground Control Simulator,0.0,180.0,1.0,1.83,155.0,256.0,450.0,9.55,1.0,1.0,7.2,200,132,0.0,0.0,9
Salem,35.0,65.0,2.0,2.7,38.5,128.0,721.5,10.5,4.0,14.0,23.1,132,764,3.0,3.0,9
TrackMania 2: Canyon,61.0,180.0,1.0,2.75,65.0,128.0,0.0,10.0,1.0,1.0,0.0,132,132,15.0,15.0,9
NBA 2K21,36.5,32.0,3.0,3.55,27.0,1024.0,1013.5,11.05,14.5,32.5,64.85,764,764,110.0,110.0,11
Red Orchestra: Ostfront 41-45,0.0,180.0,1.0,2.2,130.0,320.0,550.0,9.5,1.0,2.5,6.8,132,0,2.0,0.0,9
DeltaOne,66.5,180.0,1.0,2.1,77.5,320.0,550.0,9.5,1.0,2.5,6.8,132,132,0.0,0.0,9
Game of Thrones: Episode 2 - The Lost Lords,32.5,65.0,2.0,3.2,33.5,768.0,450.0,10.6,3.0,6.5,7.2,132,764,3.0,3.0,9
Inmost,30.5,55.0,2.0,2.8,55.0,512.0,900.0,11.0,4.5,14.5,57.6,732,1064,4.0,4.0,9
Nioh: Complete Edition,36.5,18.0,4.0,3.45,18.0,3072.0,1376.0,11.1,36.5,138.5,264.2,1064,0,100.0,100.0,11
Total War: Rome II - Caesar in Gaul,66.0,65.0,2.0,2.95,38.5,384.0,750.0,10.05,3.0,7.0,17.6,132,764,35.0,35.0,9
BioShockâ„¢ 2 Remastered,66.5,65.0,2.0,3.1,45.0,2048.0,1313.5,11.1,23.5,75.0,132.15,764,764,25.0,25.0,11
The Purring Quest,67.5,67.5,2.0,2.35,48.5,320.0,550.0,9.5,1.0,2.5,6.8,732,764,3.0,3.0,9
Afterparty,36.5,38.5,3.0,3.75,27.0,2048.0,1487.5,11.6,17.5,53.5,95.2,764,764,40.0,40.0,11
Agatha Christie - Hercule Poirot: The First Cases,45.0,65.0,1.0,3.4,59.0,1792.0,1251.0,11.55,33.5,69.0,192.2,764,764,10.0,10.0,10
Kingdom Hearts Melody of Memory,68.0,27.0,3.0,3.3,27.0,1536.0,1437.5,11.6,17.5,48.5,92.0,864,864,15.0,15.0,0
Crossroads Inn,36.5,32.0,3.0,3.5,32.0,1024.0,1012.5,11.0,22.5,40.5,113.2,764,1064,6.0,6.0,11
Wild West and Wizards,70.0,38.5,3.0,2.85,38.5,1024.0,1025.5,11.0,27.5,47.5,131.25,764,1064,4.0,4.0,11
Retimed,70.5,55.0,2.0,2.4,55.0,768.0,950.0,10.5,17.5,35.5,92.8,732,1064,0.0,0.0,11
Dark And Light,36.5,32.0,6.0,3.5,18.0,2048.0,1438.5,11.05,26.5,83.5,160.1,764,764,50.0,50.0,10
Stealthy Ninja,71.0,55.0,2.0,2.5,55.0,256.0,533.5,10.05,1.5,2.5,17.05,132,1064,0.0,0.0,9
Shogun 2: Total War - Fall of the Samurai: Sendai Faction Pack,37.0,130.0,1.0,3.165,45.0,256.0,325.0,9.5,2.0,2.0,8.4,132,764,0.0,0.0,9
Arons Adventure,50.0,32.0,5.0,3.5,13.0,1536.0,1437.5,11.6,17.5,48.5,92.0,1064,1064,15.0,15.0,11
Ni No Kuni 3,52.5,27.0,5.0,3.7,27.0,2048.0,1300.0,11.6,16.5,49.5,83.2,764,1064,40.0,40.0,11
Watching Grass Grow In VR - The Game,36.5,27.0,6.0,4.05,11.0,4096.0,1501.5,11.6,63.5,137.5,272.2,764,764,0.0,0.0,11
Call of Duty 4: Modern Warfare Remastered,36.0,38.5,3.0,2.83,45.0,1536.0,950.0,11.05,20.5,37.0,88.0,764,1064,55.0,55.0,11
Dragon Age: Origins - Return To Ostagar,30.0,65.0,2.0,2.6,55.0,256.0,790.0,9.0,0.0,0.0,42.55,132,132,1.0,1.0,9
Path of Exile: Atlas of Worlds,30.0,90.0,1.0,2.5,77.5,192.0,712.5,9.55,1.5,1.5,15.2,132,132,8.0,8.0,9
Virginia,36.5,29.5,3.0,3.15,32.0,1024.0,1200.0,11.15,12.5,29.5,76.8,732,1064,5.0,5.0,11
Bunny Park,36.5,32.0,5.0,3.15,32.0,2048.0,1351.0,11.1,28.5,81.5,148.89999999999998,764,1064,0.0,0.0,11
Factorio,66.5,55.0,2.0,2.1,77.5,320.0,550.0,9.5,1.0,2.5,6.8,132,132,0.0,0.0,9
The Wolf Among Us,36.5,155.0,1.0,2.5,65.0,256.0,600.0,10.55,2.0,2.5,16.0,132,132,2.0,2.0,9
Esper 2,50.0,27.0,6.0,3.85,23.0,4096.0,1501.5,11.6,63.5,137.5,272.2,764,764,0.0,0.0,0
The Elder Scrolls V: Hearthfire,66.5,65.0,2.0,2.83,45.0,768.0,737.5,10.05,9.0,21.0,70.4,132,764,1.0,1.0,9
Fears to Fathom - Home Alone,36.5,38.5,3.0,3.75,27.0,2560.0,1514.0,11.6,34.0,87.5,184.9,764,1064,4.0,4.0,11
Plants vs Zombies: Battle for Neighborville,68.5,27.0,3.0,3.35,27.0,2048.0,895.5,11.05,10.0,24.0,28.65,1064,1064,15.0,15.0,11
The Academy: The First Riddle,70.0,55.0,2.0,2.85,38.5,2048.0,1351.0,11.1,28.0,95.0,148.89999999999998,1064,1064,4.0,4.0,9
Boris The Rocket,33.5,38.5,3.0,3.45,27.0,1664.0,1075.0,11.05,30.5,62.0,152.8,764,1064,4.0,4.0,11
Project CARS 3,0.0,27.0,6.0,3.7,13.0,2560.0,1438.5,11.1,32.0,126.5,228.15,764,1064,50.0,50.0,11
Aery VR,36.5,27.0,6.0,3.55,18.0,4096.0,1501.5,11.6,63.5,137.5,272.2,764,1064,1.0,2.0,11
Train Simulator 2013,36.0,55.0,2.0,3.165,45.0,768.0,750.0,10.5,6.5,9.5,35.2,132,732,6.0,6.0,9
99 Levels To Hell,37.0,65.0,2.0,3.23,45.0,128.0,255.0,10.05,4.0,14.0,8.15,132,764,1.5,2.0,9
Sniper Elite 3 - Target Hitler: Hunt the Grey Wolf,35.5,90.0,2.0,2.98,45.0,512.0,963.0,10.55,7.5,12.5,61.65,232,764,18.0,18.0,11
Dawn of Man,69.5,33.5,2.5,2.9,38.5,2048.0,1012.5,12.0,11.5,24.5,50.4,764,764,2.0,2.0,11
Hatoful Boyfriend: Holiday Star,36.5,155.0,1.0,2.5,65.0,320.0,500.0,9.55,1.0,1.0,8.0,132,132,2.0,2.0,9
Star Wars: Battlefront - Rogue One: Scarif,50.0,23.0,3.0,3.7,23.0,2048.0,1351.0,11.1,26.5,69.0,148.89999999999998,764,1064,40.0,40.0,11
Dyad,72.0,38.5,2.5,3.03,38.5,768.0,650.0,10.55,4.0,15.0,20.8,132,732,1.337,1.337,9
Rogue Glitch,67.0,43.5,3.0,2.9000000000000004,48.5,512.0,850.0,11.0,4.0,8.0,20.0,164,764,1.0,1.0,9
Endless Legend - Symbiosis,36.5,55.0,3.5,3.5,32.0,1024.0,950.0,11.5,23.5,37.5,121.6,264,764,4.0,4.0,9
Retaliation: Enemy Mine,66.5,180.0,1.0,2.1,77.5,320.0,550.0,9.5,1.0,2.5,6.8,132,132,0.0,0.0,9
Builders Of Egypt,36.5,38.5,3.0,3.5,27.0,2560.0,1563.5,11.55,32.5,128.5,244.15,764,1064,20.0,20.0,11
Brawl Busters,66.5,155.0,1.0,1.85,65.0,128.0,375.0,9.0,0.0,0.0,6.0,132,132,2.0,3.0,9
Grimm Ep 15 - The Pied Piper,66.5,180.0,1.0,2.1,77.5,320.0,550.0,9.5,1.0,2.5,6.8,132,132,0.0,0.0,9
Dead Alliance,69.5,33.5,2.5,2.9,38.5,1536.0,1375.0,11.6,17.0,42.5,88.0,764,764,15.0,15.0,11
Drift21,36.5,27.0,6.0,3.35,27.0,4096.0,1751.5,12.0,53.5,152.5,224.2,764,1064,20.0,20.0,11
Train Simulator 2012: Class 77 and 76 Add-On,36.0,130.0,1.0,1.85,65.0,256.0,400.0,10.5,3.5,4.5,9.6,132,132,0.0,0.0,9
Dead by Daylight,36.5,27.0,5.0,3.15,27.0,1024.0,950.0,11.5,23.5,37.5,121.6,764,764,15.0,0.0,11
Test Drive Unlimited 2,36.5,65.0,2.0,2.75,65.0,768.0,550.0,10.05,7.5,16.5,28.8,132,132,14.0,14.0,9
Battlefield 2142,32.5,155.0,1.0,2.6,90.0,192.0,260.0,9.0,0.0,0.0,4.15,132,132,2.0,4.0,9
Outbreak Pandemic Evolution,36.5,38.5,3.0,3.7,32.0,1536.0,1375.0,11.2,16.5,41.5,88.0,764,764,15.0,0.0,11
Blood Bowl: Chaos Edition,66.5,130.0,1.0,1.88,65.0,128.0,200.0,10.05,2.0,2.0,6.4,132,132,3.0,3.0,9
New World,36.5,32.0,4.0,3.45,23.0,2560.0,1376.0,11.1,30.5,107.0,216.15,1064,1064,35.0,35.0,12
Dead Rising Remastered,36.5,65.0,2.0,3.55,27.0,1024.0,1112.5,11.0,18.0,31.5,87.6,732,764,30.0,30.0,11
Quake II RTX,36.5,27.0,6.0,3.6,17.0,7168.0,1750.0,12.05,95.5,225.0,392.0,764,1064,2.0,2.0,0
Code Vein,50.0,32.0,6.0,3.25,14.0,2048.0,1351.0,11.1,30.5,77.0,172.95,764,1064,50.0,50.0,11
Wrest,36.5,27.0,6.0,3.65,27.0,4096.0,1501.5,11.6,63.5,137.5,272.2,764,1064,10.0,10.0,11
Propagation VR,36.5,32.0,5.0,3.55,18.0,7168.0,2001.0,12.05,61.5,159.5,224.1,1064,1064,5.0,5.0,11
Doctor Who: The Eternity Clock,0.0,77.5,2.0,2.6,45.0,768.0,890.0,10.55,20.0,27.5,102.55,132,164,1.7,1.7,9
Guns of Icarus,0.0,155.0,1.0,1.73,155.0,256.0,412.5,9.5,1.0,2.5,13.2,132,732,3.0,3.0,9
Arcane Worlds,66.5,110.0,1.0,2.1,77.5,160.0,262.5,9.0,0.0,0.0,3.2,132,232,0.0,0.0,9
Dovetail Games Flight School,72.0,38.5,2.0,2.85,38.5,768.0,715.5,11.0,2.5,4.5,11.45,764,764,40.0,40.0,11
Batman: Arkham Knight - Red Hood Story Pack,52.5,45.0,4.0,3.7,27.0,2560.0,1376.0,11.1,25.5,86.5,192.1,764,864,45.0,55.0,11
Terrorist Takedown: Covert Operations,36.0,180.0,1.0,1.85,65.0,320.0,550.0,9.5,1.0,2.5,6.8,132,132,2.0,2.0,9
Aion: Ascension,72.0,130.0,1.0,3.015,45.0,256.0,740.0,9.0,3.0,3.0,78.7,132,132,40.0,40.0,9
Warhammer 40000: Regicide,32.5,65.0,2.0,3.2,33.5,768.0,450.0,10.6,3.0,6.5,7.2,132,764,2.0,2.0,9
Insanitys Blade,66.5,180.0,1.0,2.1,77.5,320.0,550.0,9.5,1.0,2.5,6.8,132,132,0.0,0.0,9
Dishonored: Dunwall City Trials,70.5,65.0,2.0,2.35,65.0,512.0,595.0,10.1,3.0,6.5,9.5,164,764,1.0,1.0,10
Dual Universe,66.5,180.0,1.0,2.1,77.5,320.0,550.0,9.5,1.0,2.5,6.8,132,132,0.0,0.0,9
Alba: A Wildlife Adventure,50.0,32.0,5.0,3.4,14.0,1024.0,445.5,11.5,8.5,27.5,14.25,764,1064,2.0,2.0,11
Stacking,72.5,77.5,2.0,2.2,77.5,320.0,815.0,10.05,9.0,18.5,45.75,132,732,1.5,1.5,9
Lego: Batman 2 - DC Super Heroes,66.0,155.0,1.0,2.13,77.5,256.0,200.0,10.55,1.5,2.0,3.2,132,132,4.0,4.0,9
Bloodstained: Ritual of the Night,36.5,27.0,4.0,3.4,27.0,2560.0,1501.0,11.15,32.5,113.5,240.15,764,764,10.0,10.0,11
BloodRayne 2,0.0,180.0,1.0,1.83,155.0,96.0,375.0,7.55,0.0,0.0,6.0,98,132,0.0,4.5,8
Electro Ride: The Neon Racing,36.0,38.5,3.0,3.85,27.0,512.0,600.0,10.05,4.5,14.0,19.200000000000003,764,1064,5.0,5.0,11
The Dwarves,52.5,45.0,4.0,3.7,27.0,2048.0,1351.0,11.1,28.5,81.5,148.89999999999998,764,1064,25.0,25.0,0
Decisive Campaigns: The Blitzkrieg from Warsaw to Paris,66.5,180.0,1.0,2.1,77.5,320.0,550.0,9.5,1.0,2.5,6.8,132,132,0.0,0.0,9
Angvik,37.0,65.0,2.0,3.23,45.0,128.0,255.0,10.05,4.0,14.0,8.15,132,764,0.0,0.0,8
The Culling 2,33.5,27.0,6.0,3.9,27.0,1024.0,1125.0,11.1,20.0,43.5,104.0,764,764,8.0,8.0,11
A Fistful of Gun,32.5,65.0,2.0,3.2,33.5,768.0,450.0,10.6,3.0,6.5,7.2,132,764,10.0,10.0,9
Exodus Wars: Fractured Empire,37.0,65.0,2.0,3.23,45.0,128.0,255.0,10.05,4.0,14.0,8.15,132,764,5.0,5.0,9
Disintegration,0.0,23.0,4.0,3.55,10.5,1664.0,1075.0,11.05,28.5,49.5,152.8,1064,1064,15.0,15.0,11
The Town Of Light,69.5,33.5,2.5,2.9,38.5,1024.0,1050.0,11.5,18.0,36.0,96.0,764,764,10.0,10.0,11
Metro: Exodus - Sam's Story,36.5,27.0,6.0,3.5,18.0,2048.0,1476.0,11.6,39.5,69.0,132.85,764,1064,50.0,50.0,11
Lost Soul Aside,66.0,45.0,2.5,2.6,33.5,1408.0,1029.0,10.5,21.0,33.5,123.65,764,764,30.0,30.0,11
Half-Life 2: Episode 2,0.0,180.0,1.0,2.5835,110.0,128.0,200.0,10.0,2.0,3.0,3.2,132,132,1.5,1.5,9
Haunted House 2015,71.0,65.0,2.0,2.58,45.0,640.0,915.5,10.55,18.5,28.0,90.6,132,764,8.0,8.0,9
Railway Empire,69.5,45.0,4.0,3.05,32.0,1536.0,1101.0,11.0,26.0,56.0,140.95,764,1064,7.0,7.0,11
Skyhill: Black Mist,70.0,45.0,2.0,2.85,38.5,384.0,865.0,10.05,10.5,16.0,55.35,764,1064,4.0,4.0,11
Broomstick League,33.5,55.0,2.5,3.45,27.0,1024.0,1187.5,11.1,16.5,37.0,76.0,764,1064,5.0,5.0,10
Command & Conquer: Generals,0.0,180.0,1.0,1.665,180.0,0.0,0.0,9.0,0.0,0.0,0.0,98,132,2.0,2.0,9
In Other Waters,70.0,55.0,2.0,2.85,38.5,2048.0,1351.0,11.1,28.5,81.5,148.89999999999998,732,1064,0.0,0.0,10
Tom Clancy: Ghost Recon Future Soldier: Raven Strike,66.5,77.5,2.0,2.83,45.0,768.0,650.0,10.55,4.0,12.5,13.6,132,764,25.0,25.0,9
The Guild 3,69.5,65.0,2.0,2.9,38.5,1664.0,918.5,11.0,23.5,43.0,130.95,732,764,5.0,4.0,11
Unholy Heights,0.0,90.0,1.0,1.665,155.0,64.0,100.0,9.0,0.0,0.0,1.6,132,132,0.0,0.0,9
Civilization: Beyond Earth,30.5,77.5,2.0,1.965,65.0,1152.0,850.0,10.55,3.0,4.5,27.200000000000003,232,764,8.0,8.0,11
Half Life 2 Deathmatch,0.0,155.0,1.0,2.075,130.0,32.0,166.5,3.5,0.0,0.0,1.35,132,132,1.0,1.0,9
Elite Dangerous: Horizons,52.5,65.0,4.0,3.85,27.0,704.0,949.5,10.05,14.0,33.5,113.55,764,764,7.0,7.0,11
Rainbow Six: Parasite,67.0,38.5,3.0,3.2,32.0,1024.0,1050.0,11.5,18.0,36.0,96.0,764,764,50.0,50.0,11
Mount and Blade: Warband,0.0,155.0,1.0,2.9,77.5,128.0,400.0,9.0,0.0,0.0,6.4,132,132,1.0,1.0,9
Sniper Elite: Nazi Zombie Army,36.0,90.0,1.0,2.6,90.0,512.0,450.0,10.05,4.5,13.5,14.4,232,764,5.0,5.0,9
SCP: Blackout,36.5,27.0,6.0,3.65,27.0,4096.0,1501.5,11.6,63.5,137.5,272.2,732,1064,12.0,14.0,11
Kitaria Fables,36.5,32.0,6.0,3.4000000000000004,18.0,1024.0,1037.5,11.0,17.5,31.5,116.4,764,764,4.0,4.0,11
DOTA Underlords,32.5,38.5,3.0,3.35,27.0,1536.0,950.0,12.0,7.0,17.0,15.2,732,764,7.0,7.0,11
8Doors: Arums Afterlife Adventure,67.0,43.5,3.0,2.9000000000000004,48.5,1024.0,1250.5,11.05,21.0,50.5,112.05,764,1064,8.0,8.0,10
Farming Simulator 2013,66.5,130.0,1.0,1.95,65.0,128.0,200.0,10.5,2.0,4.0,6.4,132,132,2.0,2.0,9
Gigantic Army,66.5,180.0,1.0,2.1,77.5,320.0,550.0,9.5,1.0,2.5,6.8,132,132,0.0,0.0,9
Sims 3: Barnacle Bay,66.5,155.0,1.0,2.05,65.0,192.0,137.5,9.0,0.0,0.0,4.4,132,132,0.0,0.0,9
Friday The 13th: The Video Game,68.5,38.5,2.0,3.55,25.0,1024.0,1237.5,11.1,15.5,49.5,79.2,764,764,4.0,4.0,11
Super Audio Spectrum,66.5,180.0,1.0,2.1,77.5,320.0,550.0,9.5,1.0,2.5,6.8,132,132,0.0,0.0,9
Tera-Online,33.5,32.0,3.0,3.65,27.0,512.0,1013.0,10.05,11.0,23.0,64.85,732,164,42.0,42.0,9
Police Simulator: Patrol Duty,36.5,18.0,4.0,3.55,18.0,2048.0,1351.0,11.1,28.5,81.5,148.89999999999998,764,1064,8.0,8.0,11
Hypercharge: Unboxed,36.5,38.5,4.0,3.3,18.0,1536.0,945.5,11.0,10.0,24.0,46.25,764,1064,13.0,15.0,11
DISTRAINT,66.5,180.0,1.0,2.1,77.5,320.0,550.0,9.5,1.0,2.5,6.8,232,764,0.0,0.0,9
Steel Division: Normandy 44 - Back to Hell,67.0,32.0,3.0,2.95,32.0,1024.0,800.0,11.0,9.0,16.0,25.6,764,1064,32.0,32.0,11
Anno 2205,69.5,45.0,4.0,3.05,32.0,1024.0,1101.0,11.0,26.0,56.0,140.95,764,764,35.0,35.0,11
Flatout 4: Total Insanity,67.0,33.5,2.0,3.3,27.0,1024.0,1187.5,11.1,15.0,30.0,76.0,732,1064,10.0,10.0,11
Vedelem: The Golden Horde,36.5,27.0,6.0,3.75,27.0,1024.0,1751.0,12.05,33.0,62.5,56.05,764,1064,40.0,40.0,11
Harold,66.5,180.0,1.0,2.1,77.5,320.0,550.0,9.5,1.0,2.5,6.8,132,132,0.0,0.0,9
Gun,0.0,180.0,1.0,2.1165,130.0,128.0,166.5,9.0,0.0,0.0,2.65,132,132,2.8,2.8,9
Waltz of the Wizard,71.0,27.0,6.0,3.05,27.0,4096.0,1501.5,11.6,63.5,137.5,272.2,764,1064,2.0,5.0,11
Tales of Vesperia: Definitive Edition,35.5,38.5,5.0,3.05,18.0,2560.0,1376.0,11.1,25.5,86.5,192.1,764,1064,25.0,25.0,11
Prison Simulator,36.5,38.5,3.0,3.75,27.0,1536.0,1313.0,11.5,22.0,53.5,116.05,764,1064,4.0,4.0,11
Deadly Days,30.5,155.0,1.0,2.8,55.0,768.0,950.0,11.05,5.0,11.0,39.2,232,1064,1.0,1.0,10
Killer is Dead,36.5,130.0,1.0,3.3,32.0,128.0,200.0,10.0,2.0,3.0,3.2,132,764,13.0,13.0,10
Crush Crush,66.5,180.0,1.0,2.1,77.5,320.0,550.0,9.5,1.0,2.5,6.8,132,132,1.0,1.0,9
Rockefeller - The Black Gold,66.5,90.0,1.0,1.85,65.0,384.0,750.0,9.5,2.0,4.0,40.0,232,132,3.0,3.0,10
Yu-Gi-Oh! Online: Duel Evolution,36.0,180.0,1.0,1.85,65.0,320.0,550.0,9.5,1.0,2.5,6.8,132,132,2.0,2.0,9
Yelaxot,66.5,180.0,1.0,2.1,77.5,320.0,550.0,9.5,1.0,2.5,6.8,132,132,0.0,0.0,9
Creeper World 3: Arc Eternal,66.5,155.0,1.0,2.1,77.5,320.0,550.0,9.5,1.0,2.5,6.8,132,232,1.5,1.0,9
Subsistence,69.5,65.0,2.0,2.9,38.5,768.0,450.0,11.05,11.0,19.0,57.6,732,764,1.5,1.5,9
Classified Stories: The Tome of Myrkah,33.5,48.5,3.0,3.35,27.0,2048.0,1351.0,11.1,28.5,81.5,148.89999999999998,764,1064,8.0,8.0,11
Party of Sin,72.0,65.0,2.0,3.115,45.0,128.0,721.5,10.5,4.0,14.0,23.1,132,764,0.0,0.0,9
Pandora: First Contact,71.5,65.0,2.0,2.5650000000000004,48.5,128.0,372.5,9.0,0.0,0.0,9.75,132,764,1.0,2.0,9
The Hat Man: Shadow Ward,66.5,180.0,1.0,2.1,77.5,320.0,550.0,9.5,1.0,2.5,6.8,132,132,0.0,0.0,9
XCOM: Enemy Within,71.0,65.0,2.0,2.5,55.0,384.0,600.0,10.0,3.0,7.0,19.2,232,764,20.0,20.0,9
Risk: Factions,36.0,180.0,1.0,1.85,65.0,320.0,550.0,9.5,1.0,2.5,6.8,132,132,0.0,0.0,9
Nascar Racing Season 2003,66.5,180.0,1.0,2.1,77.5,320.0,550.0,9.5,1.0,2.5,6.8,132,132,0.0,0.0,9
Saviors,66.5,180.0,1.0,2.1,77.5,320.0,550.0,9.5,1.0,2.5,6.8,132,132,0.0,0.0,9
Among The Sleep,70.5,65.0,2.0,2.45,45.0,128.0,683.5,10.05,3.5,6.0,21.85,132,764,2.0,2.0,9
Starmancer,70.5,55.0,2.0,2.4,55.0,768.0,899.0,11.05,3.0,6.0,21.6,764,1064,0.0,1.0,10
Battle Planet - Judgement Day,36.5,27.0,3.0,3.1500000000000004,18.0,1024.0,1026.0,11.0,27.5,51.5,131.35000000000002,764,1064,2.0,2.0,11
Cannibal Cuisine,70.0,55.0,2.0,2.85,38.5,1024.0,1150.0,11.05,15.0,34.0,107.2,764,1064,1.0,1.0,11
Risen 2: Treasure Isle,36.0,77.5,2.0,3.2,45.0,640.0,865.0,10.55,7.0,11.0,40.95,132,132,1.0,1.0,9
Online Dragon Ball,66.5,180.0,1.0,2.1,77.5,320.0,550.0,9.5,1.0,2.5,6.8,132,132,0.0,0.0,9
SOS,36.5,65.0,2.0,3.75,27.0,2048.0,1351.0,11.1,26.5,69.0,148.89999999999998,764,1064,8.0,8.0,11
Enemy Mind,66.5,180.0,1.0,2.1,77.5,320.0,550.0,9.5,1.0,2.5,6.8,132,132,0.0,0.0,9
Long Gone Days,32.5,65.0,2.0,3.2,33.5,768.0,450.0,10.6,3.0,6.5,7.2,232,764,10.0,10.0,9
BattleTech,36.5,38.5,2.5,3.5,27.0,1024.0,1101.0,11.0,26.5,60.5,140.95,764,764,30.0,30.0,11
What The Golf?,70.5,55.0,4.0,2.53,55.0,1536.0,1025.0,11.5,13.5,28.5,51.2,732,1064,1.0,1.0,11
Sentinels of Freedom,36.5,55.0,2.0,2.9000000000000004,55.0,2048.0,1351.0,11.1,26.5,69.0,148.89999999999998,764,1064,6.0,6.0,11
Dead Island 2,36.5,38.5,3.0,3.75,27.0,2048.0,1487.5,11.6,17.5,53.5,95.2,764,764,40.0,40.0,11
Priest Simulator,36.0,17.0,2.0,3.35,17.0,1024.0,1626.0,11.55,22.0,75.0,72.1,764,1064,10.0,10.0,11
Hero Generations: ReGen,66.5,130.0,1.0,2.1,77.5,320.0,550.0,9.5,1.0,2.5,6.8,232,232,0.0,0.0,9
Idol Hands,35.5,38.5,3.0,2.615,45.0,1024.0,783.5,10.55,3.0,3.0,25.05,732,764,0.0,0.0,11
Dino Run,0.0,180.0,1.0,2.1815,130.0,160.0,316.0,8.0,0.0,0.0,2.5,232,132,0.0,0.0,9
Abyss Odyssey,71.5,65.0,2.0,2.8,38.5,640.0,968.5,10.05,15.0,29.5,97.4,132,764,4.0,4.0,9
Narcos: Rise of the Cartels,0.0,38.5,3.0,3.5,14.0,1024.0,1012.5,11.0,23.5,33.0,113.2,764,1064,12.0,12.0,11
Horizon,36.0,180.0,1.0,1.85,65.0,320.0,550.0,9.5,1.0,2.5,6.8,132,132,2.0,2.0,9
Darksiders,66.0,90.0,1.0,2.415,65.0,128.0,500.0,9.0,1.5,1.5,27.2,132,132,12.0,12.0,9
The Riftbreaker,36.5,38.5,3.5,3.45,23.0,1536.0,1325.0,11.2,23.5,47.0,129.6,1064,1064,8.0,8.0,11
Defenders of Time,66.5,180.0,1.0,2.1,77.5,320.0,550.0,9.5,1.0,2.5,6.8,132,132,0.0,0.0,9
"I Love You, Colonel Sanders!",36.5,55.0,2.0,2.9000000000000004,55.0,768.0,950.0,11.05,5.0,11.0,39.2,764,1064,2.0,0.0,11
Grimm Ep 22 - The Adventures of Thumbling,66.5,180.0,1.0,2.1,77.5,320.0,550.0,9.5,1.0,2.5,6.8,132,132,0.0,0.0,9
Serial Cleaner,32.5,65.0,2.0,3.2,33.5,768.0,864.0,10.05,15.5,21.0,81.8,732,764,2.0,2.0,9
The Secret Files 3,32.5,155.0,1.0,2.4,90.0,256.0,387.5,9.55,1.0,1.0,6.2,132,132,2.0,2.0,9
Civilization V - Wonders of the Ancient World,35.0,65.0,2.0,2.215,65.0,256.0,600.0,9.5,1.5,3.0,27.2,132,732,8.0,8.0,9
Twin Peaks VR,36.5,27.0,6.0,3.55,18.0,4096.0,1751.5,12.0,53.5,152.5,224.2,1064,1064,10.0,10.0,11
Rogue Legacy,0.0,180.0,1.0,1.83,155.0,640.0,849.0,10.5,4.5,5.5,32.800000000000004,132,132,0.0,0.0,9
Weapon of Choice,32.5,65.0,2.0,3.2,33.5,768.0,450.0,10.6,3.0,6.5,7.2,132,764,10.0,10.0,9
X-Plane 11,0.0,32.0,3.0,3.8,23.0,512.0,649.0,11.0,2.5,4.5,10.4,764,1064,20.0,20.0,11
Battlefield 4: Final Stand,65.0,65.0,2.0,2.8,45.0,512.0,1013.0,10.05,11.0,23.0,64.85,232,764,30.0,30.0,11
Devil Daggers,72.5,77.5,2.0,2.5,65.0,320.0,550.0,9.5,1.0,2.5,6.8,732,732,0.0,0.0,0
Top Gun: Hard Lock,30.0,55.0,2.0,2.68,55.0,640.0,849.0,10.5,4.5,5.5,32.800000000000004,132,132,8.0,8.0,9
Dawn of War II - The Last Stand,66.5,110.0,1.0,2.08,65.0,320.0,437.5,9.0,0.0,0.0,14.0,132,232,1.0,1.0,10
Angry Arrows,32.5,65.0,2.0,3.2,33.5,1024.0,800.0,10.6,5.5,16.0,18.4,232,732,2.0,2.0,10
Sims 3,66.5,155.0,1.0,2.05,65.0,192.0,137.5,9.0,0.0,0.0,4.4,132,132,7.5,7.5,9
Rawbots,37.0,65.0,2.0,3.23,45.0,128.0,255.0,10.05,4.0,14.0,8.15,132,764,3.0,3.0,9
Virtua Tennis 4,66.5,65.0,2.0,2.25,65.0,256.0,650.0,9.0,0.0,0.0,41.6,132,732,5.0,5.0,9
The Crew 2,36.5,32.0,5.0,3.35,18.0,2048.0,1351.0,11.1,28.5,81.5,148.89999999999998,764,1064,55.0,55.0,11
Receiver 2,70.0,38.5,3.0,2.85,38.5,2048.0,1275.0,11.15,22.5,49.0,120.0,764,1064,4.0,4.0,10
Might and Magic: Dark Messiah,0.0,180.0,1.0,2.5835,110.0,320.0,550.0,9.5,1.0,2.5,6.8,132,0,7.0,0.0,9
Unmechanical,32.5,155.0,1.0,2.8,110.0,256.0,200.0,10.1,2.0,2.0,3.2,132,132,1.0,1.0,9
Boris and the Dark Survival,36.5,32.0,5.0,3.15,32.0,2560.0,1626.0,11.6,33.5,133.5,256.15,764,1064,0.0,0.0,11
Endless Legend: Shadows,36.5,55.0,3.5,3.5,32.0,1024.0,950.0,11.5,23.5,37.5,121.6,264,764,4.0,4.0,9
Total War: Rome 2 Nomadic Tribes Culture Pack,66.0,65.0,2.0,2.95,38.5,384.0,750.0,10.05,3.0,7.0,17.6,132,764,35.0,35.0,9
Doctor Who: The Runaway,36.5,27.0,6.0,3.65,27.0,4096.0,1501.5,11.6,63.5,137.5,272.2,764,1064,2.0,2.0,11
Prius Anima Online,32.5,65.0,2.0,3.2,33.5,768.0,450.0,10.6,3.0,6.5,7.2,132,764,10.0,10.0,9
The Marching Dead,66.5,180.0,1.0,2.1,77.5,320.0,550.0,9.5,1.0,2.5,6.8,132,132,0.0,0.0,9
Watch Dogs 2: No Compromise,64.0,32.0,5.0,3.1500000000000004,27.0,2048.0,1351.0,11.1,28.5,81.5,148.89999999999998,764,764,50.0,50.0,11
Wing Commander Saga: The Darkest Dawn,0.0,155.0,1.0,2.53,110.0,192.0,300.0,8.5,1.0,1.0,4.800000000000001,132,132,6.0,6.0,9
Combat Force,0.0,32.0,5.0,3.2,13.0,1024.0,950.0,11.5,23.5,37.5,121.6,764,1064,16.0,16.0,11
The Elder Scrolls Online,36.5,32.0,3.0,3.5,32.0,1024.0,1001.0,11.0,25.0,40.5,128.15,764,764,85.0,85.0,11
Metal Gear Solid V: The Phantom Pain,36.5,27.0,6.0,4.15,11.0,2048.0,1125.0,11.05,20.0,43.0,104.0,764,864,28.0,28.0,11
Train Sim World: CSX Heavy Haul,36.5,27.0,5.0,3.5,18.0,2048.0,1375.0,11.2,23.5,58.5,132.8,764,1064,20.0,0.0,10
Astra Exodus,36.5,45.0,4.0,3.5,18.0,768.0,946.5,11.05,16.0,31.5,89.4,864,1064,4.0,4.0,9
Homefront: The Revolution - Beyond the Walls,36.5,27.0,4.0,3.4,32.0,1536.0,1313.5,11.5,22.0,57.5,116.15,764,764,38.0,38.0,11
The Bug Butcher,32.5,65.0,2.0,3.2,33.5,768.0,450.0,10.6,3.0,6.5,7.2,132,764,10.0,10.0,9
Ether One,37.0,65.0,2.0,3.23,45.0,512.0,395.0,10.1,2.0,6.5,12.65,132,764,3.0,3.0,9
Omerta: City of Gangsters - The Japanese Incentive,35.0,77.5,2.0,2.165,65.0,320.0,750.0,10.0,5.0,16.0,30.4,132,764,5.0,5.0,9
Pro Evolution Soccer 2008,0.0,180.0,1.0,2.5,90.0,96.0,375.0,7.55,0.0,0.0,6.0,132,132,4.0,4.0,9
Moebius The Game,66.5,155.0,1.0,2.1,77.5,320.0,550.0,9.5,1.0,2.5,6.8,132,764,0.0,0.0,9
Gensou Skydrift,87.5,55.0,4.0,3.1,27.0,512.0,1083.5,10.55,9.5,33.5,52.25,764,1064,3.0,3.0,11
Kingdom Come: Deliverance,52.5,38.5,4.0,3.7,27.0,2048.0,1351.0,11.1,28.5,81.5,148.89999999999998,764,764,40.0,40.0,11
Neverwinter Nights: Enhanced Edition,32.5,65.0,2.0,3.2,33.5,768.0,450.0,10.6,3.0,6.5,7.2,132,764,10.0,10.0,9
WTCC 2010,0.0,130.0,1.0,2.5835,110.0,256.0,325.0,9.0,0.0,0.0,5.2,132,132,4.0,5.0,9
Formula Truck 2013,66.5,180.0,1.0,2.1,77.5,320.0,550.0,9.5,1.0,2.5,6.8,132,132,0.0,0.0,9
Moonbase Commander,66.5,180.0,1.0,2.1,77.5,320.0,550.0,9.5,1.0,2.5,6.8,132,132,1.0,1.0,9
Global Ops: Commando Libya,37.0,65.0,2.0,3.23,45.0,128.0,255.0,10.05,4.0,14.0,8.15,132,764,6.0,6.0,9
Wonkey Wizard,66.5,180.0,1.0,2.1,77.5,320.0,550.0,9.5,1.0,2.5,6.8,132,132,0.0,0.0,9
Earth Defense Force: Iron Rain,36.5,23.0,5.0,3.45,18.0,1536.0,1425.0,11.15,16.5,49.5,91.2,764,1064,24.0,24.0,11
Saints Row 3: Funtime!,71.0,65.0,2.0,2.65,55.0,320.0,815.0,10.05,9.0,18.5,45.75,132,732,10.0,10.0,9
Aircar,0.0,27.0,6.0,3.8,23.0,4096.0,1501.5,11.6,63.5,137.5,272.2,764,1064,1.2,1.2,11
Anno 1800,36.5,27.0,5.0,3.5,18.0,2048.0,1438.5,11.55,30.0,106.5,184.15,764,1064,60.0,60.0,11
The Alto Collection,32.5,65.0,2.0,3.2,33.5,768.0,950.0,10.5,17.5,35.5,92.8,764,764,0.0,0.0,11
Project Amalthea: Battlegrounds,70.0,55.0,2.0,2.85,38.5,256.0,600.0,10.0,2.0,3.0,8.0,132,1064,0.0,0.0,9
DARQ,36.5,38.5,3.0,3.7,32.0,704.0,949.5,10.05,14.0,33.5,113.55,764,1064,3.0,3.0,10
Dead Space 4,36.5,77.5,2.0,2.465,55.0,384.0,445.0,9.0,0.0,0.0,22.25,132,732,10.0,10.0,9
Mega Man 11,69.5,33.5,2.5,2.9,38.5,2048.0,1012.5,12.0,11.5,24.5,50.4,764,764,15.0,15.0,11
Parkasaurus,70.0,55.0,3.0,2.85,38.5,768.0,900.0,11.05,5.5,13.0,21.6,764,1064,3.0,3.0,11
Space Ship Alvue,66.5,180.0,1.0,2.1,77.5,320.0,550.0,9.5,1.0,2.5,6.8,132,132,0.0,0.0,9
Rainbow Six: Siege,67.0,38.5,3.0,3.2,32.0,1024.0,1050.0,11.5,18.0,36.0,96.0,764,764,50.0,50.0,11
Battle for Graxia,66.5,180.0,1.0,2.1,77.5,320.0,550.0,9.5,1.0,2.5,6.8,132,132,3.0,3.0,9
Story Of Seasons: Friends Of Mineral Town,36.5,32.0,5.0,3.15,32.0,1024.0,979.0,11.5,8.5,26.5,31.3,864,1064,2.0,2.0,11
Avorion,71.0,65.0,2.0,2.58,45.0,768.0,1225.0,11.05,15.5,34.0,78.4,764,764,0.0,1.0,0
Overcooked! All You Can Eat,69.5,55.0,3.5,2.9,38.5,1024.0,1026.0,11.0,12.0,25.0,65.65,764,764,8.0,8.0,11
Goat of Duty,70.0,38.5,2.5,3.23,36.5,1792.0,1201.0,12.0,34.0,55.5,185.8,764,1064,5.0,5.0,0
Radical Heights,0.0,32.0,5.0,3.35,14.0,2048.0,1351.0,11.1,28.5,81.5,148.89999999999998,764,1064,6.0,6.0,11
Sins of a Solar Empire: Entrenchment,72.5,180.0,1.0,2.35,65.0,192.0,337.5,9.0,0.0,0.0,5.4,132,132,0.0,0.0,9
"Warhammer 40,000: Shootas, Blood & Teef",72.0,32.0,3.0,2.85,32.0,640.0,850.0,10.55,2.5,8.0,20.8,864,864,3.0,3.0,11
Banished,70.5,77.5,1.0,3.065,38.5,320.0,550.0,9.5,1.0,2.5,6.8,132,132,0.0,0.0,9
UnderRail,66.5,180.0,1.0,2.1,77.5,320.0,550.0,9.5,1.0,2.5,6.8,132,132,2.0,2.0,9
Sims 3: Pets,66.5,155.0,1.0,2.05,65.0,192.0,137.5,9.0,0.0,0.0,4.4,132,132,3.5,3.5,9
Golf With Your Friends,32.5,77.5,1.5,3.2,33.5,768.0,450.0,10.6,3.0,6.5,7.2,264,764,4.0,4.0,9
Initia: Elemental Arena,52.5,45.0,4.0,3.7,27.0,1280.0,962.0,11.0,28.5,47.0,152.7,764,1064,7.0,20.0,9
Total War SHOGUN 2: The Hattori Clan Pack,37.0,130.0,1.0,3.165,45.0,256.0,325.0,9.5,2.0,2.0,8.4,132,732,0.0,0.0,9
Shiny The Firefly,66.5,180.0,1.0,2.1,77.5,320.0,550.0,9.5,1.0,2.5,6.8,132,132,0.0,0.0,9
Lego Harry Potter: Years 5-7,66.5,65.0,2.0,2.75,45.0,384.0,450.0,9.55,5.5,12.5,22.4,132,0,9.0,9.0,9
Kingdoms of Amalur: Reckoning,71.0,65.0,2.0,2.5,55.0,192.0,400.0,10.05,3.5,13.0,19.2,132,132,10.5,10.5,9
Giraffe and Annika,50.0,23.0,5.0,3.25,14.0,2048.0,1425.0,11.6,17.0,46.5,91.2,1064,1064,4.0,4.0,10
Crysis 3,68.0,45.0,2.0,2.6,38.5,768.0,850.0,11.0,3.0,5.5,20.0,232,764,20.0,20.0,11
Endless Dungeon,36.5,38.5,3.0,3.75,27.0,2048.0,1487.5,11.6,17.5,53.5,95.2,764,764,40.0,40.0,11
Spectro,33.0,55.0,2.0,2.95,27.0,4096.0,1751.5,12.0,53.5,152.5,224.2,764,1064,1.0,1.0,11
System Shock Remake,52.5,32.0,6.0,3.7,27.0,2048.0,1351.0,11.1,31.5,95.0,172.95,764,764,2.0,2.0,11
"Warhammer 40,000: Sanctus Reach",32.5,77.5,1.5,3.2,33.5,768.0,450.0,10.6,3.0,6.5,7.2,732,764,2.0,2.0,9
Pirates Outlaws,52.5,27.0,6.0,3.5,18.0,768.0,900.0,11.0,4.0,14.5,57.6,1064,1064,2.0,2.0,11
ArmA II,68.0,77.5,2.0,2.95,55.0,256.0,650.0,9.0,0.0,0.0,41.6,132,132,10.0,10.0,9
6180 the moon,66.5,180.0,1.0,2.1,77.5,320.0,550.0,9.5,1.0,2.5,6.8,132,132,0.0,0.0,9
Sonic Adventure 2,72.5,110.0,1.0,2.5,65.0,384.0,850.0,10.05,6.5,20.0,41.6,132,732,3.0,6.0,9
Mafia 2,35.5,77.5,2.0,2.4,77.5,256.0,600.0,10.0,3.0,7.0,19.2,132,132,8.0,10.0,9
Mauv,66.5,180.0,1.0,2.1,77.5,320.0,550.0,9.5,1.0,2.5,6.8,132,132,0.0,0.0,9
The Legend of Heroes: Trails of Cold Steel III,35.5,38.5,3.0,3.1,23.0,1024.0,1237.5,11.1,15.5,49.5,79.2,764,1064,25.0,25.0,11
Men of War: Assault Squad 2 - Cold War,36.5,32.0,5.0,3.5,23.0,1024.0,1751.0,12.05,33.0,62.5,56.05,764,1064,15.0,15.0,11
Cricket Captain 2018,39.0,65.0,2.0,2.45,65.0,768.0,649.0,11.0,2.5,4.5,10.4,732,764,2.0,2.0,10
Wasteland Remastered,68.5,38.5,3.0,2.85,43.5,640.0,650.0,11.0,3.0,5.5,10.4,864,1064,4.0,4.0,11
Rogue Trooper Redux,35.5,90.0,2.0,2.98,45.0,512.0,963.0,10.55,7.5,12.5,61.65,232,764,18.0,18.0,11
Shadow Warrior 2013,37.0,65.0,2.0,3.23,45.0,768.0,950.0,11.5,13.0,23.5,89.6,132,764,8.0,8.0,9
Lumote,36.5,27.0,6.0,3.25,27.0,2560.0,1626.0,11.6,33.5,133.5,256.15,764,1064,2.0,2.0,11
Warhammer 40000: Space Wolf,66.5,65.0,2.0,2.45,65.0,768.0,450.0,10.6,3.0,6.5,7.2,732,764,3.0,10.0,11
Tetris Effect: Connected,36.5,18.0,3.0,3.4,18.0,2048.0,1375.0,11.2,23.5,51.0,132.8,1064,1064,5.0,5.0,11
Lightrise,66.5,180.0,1.0,2.1,77.5,320.0,550.0,9.5,1.0,2.5,6.8,132,132,0.0,0.0,9
Resident Evil 5,35.5,90.0,1.5,2.85,55.0,256.0,250.0,9.5,3.0,3.0,16.0,132,232,8.0,8.0,9
S.T.A.L.K.E.R.: Clear Sky,66.5,130.0,1.0,2.165,77.5,192.0,325.0,9.0,0.0,0.0,5.2,132,132,10.0,10.0,9
BulletRage,36.5,27.0,3.0,3.3,27.0,1536.0,1008.0,11.05,10.0,24.0,50.25,764,1064,2.0,2.0,11
Avowed,36.5,38.5,3.0,3.75,27.0,2048.0,1487.5,11.6,17.5,53.5,95.2,764,764,40.0,40.0,11
Tiger Knight: Empire War,32.5,65.0,2.0,3.2,33.5,768.0,450.0,10.6,3.0,6.5,7.2,732,764,10.0,10.0,9
Spellbreak,36.5,48.5,3.0,3.15,32.0,2048.0,895.5,11.1,10.0,22.5,28.65,764,1064,20.0,20.0,11
GoNNER,35.0,65.0,2.0,2.265,65.0,384.0,637.5,9.0,0.0,0.0,40.8,232,232,1.0,0.0,9
Micro Machines World Series,36.5,33.5,2.5,3.5,27.0,1024.0,900.0,11.0,4.0,13.0,28.8,764,1064,5.0,5.0,11
Hidden Folks,66.5,180.0,1.0,2.1,77.5,320.0,550.0,9.5,1.0,2.5,6.8,132,132,0.0,0.0,9
Fate of the World Migration DLC,35.0,180.0,1.0,2.2,97.5,320.0,550.0,9.5,1.0,2.5,6.8,132,0,0.0,0.0,9
Lady Hammerlock the Baroness,66.5,180.0,1.0,2.1,77.5,320.0,550.0,9.5,1.0,2.5,6.8,132,132,0.0,0.0,9
Call of Duty - Black Ops 2: Apocalypse,36.0,65.0,2.0,2.83,45.0,768.0,800.0,10.05,7.5,17.5,40.0,732,764,10.0,10.0,11
Silent Hill: Homecoming,73.0,77.5,2.0,2.615,55.0,256.0,600.0,9.5,1.0,2.5,19.2,132,132,10.0,10.0,9
The Marvellous Miss Take,65.5,55.0,2.5,3.05,38.5,256.0,450.0,10.0,1.5,2.5,11.2,732,764,0.0,0.0,9
Batman: A Telltale Game Series - Episode 4: Guardian of Gotham,36.5,65.0,2.0,3.3,32.0,768.0,725.0,10.55,12.0,20.5,59.2,764,764,5.0,5.0,11
Rescue HQ - The Tycoon,65.5,32.0,3.0,3.3,38.5,2048.0,1375.0,11.2,23.5,51.0,132.8,764,1064,0.0,0.0,11
Street Fighter 30th Anniversary Collection,69.5,33.5,2.5,2.9,38.5,1536.0,1075.0,11.15,6.0,14.5,34.4,132,764,15.0,15.0,9
Arma II: Operation Arrowhead,68.0,77.5,2.0,2.95,55.0,256.0,650.0,9.0,0.0,0.0,41.6,132,132,7.0,7.0,9
Sakuna: Of Rice and Ruin,50.0,14.0,4.0,3.45,14.0,2048.0,1275.0,11.15,22.5,49.0,120.0,864,1064,7.0,7.0,11
Penarium,71.0,77.5,2.0,3.4000000000000004,27.0,512.0,850.0,10.05,5.5,11.0,35.2,232,732,0.0,0.0,0
Attack on Titan - Episode 3,36.5,38.5,5.0,3.7,32.0,1024.0,1051.0,11.0,13.5,29.5,67.25,732,1064,25.0,25.0,11
Coffin Dodgers,69.5,55.0,2.0,2.65,32.0,1280.0,947.5,10.55,11.5,25.0,60.650000000000006,132,764,1.5,1.5,9
Poker Night 2,66.5,155.0,1.0,2.1,77.5,768.0,649.0,11.0,2.5,4.5,10.4,132,732,2.0,2.0,9
Beat Me!,70.5,55.0,2.0,2.4,55.0,1024.0,1013.5,11.05,13.0,25.5,64.85,764,1064,4.0,4.0,10
RWR:Z,66.5,180.0,1.0,2.1,77.5,320.0,550.0,9.5,1.0,2.5,6.8,132,132,0.0,0.0,9
Ad Infinitum,36.5,38.5,3.0,3.75,27.0,2048.0,1487.5,11.6,17.5,53.5,95.2,764,764,40.0,40.0,11
Remnant: From the Ashes - Swamps of Corsus,33.5,27.0,6.0,3.2,23.0,2048.0,1451.0,11.55,28.0,72.5,161.7,764,764,40.0,40.0,11
Dragon Age 3: Inquisition - Jaws of Hakkon,68.5,55.0,4.0,3.15,27.0,512.0,900.0,10.05,11.0,32.0,86.4,764,764,26.0,26.0,10
Delver,36.0,90.0,1.0,1.75,65.0,64.0,215.0,8.05,0.0,0.0,3.45,232,232,0.0,0.0,9
Heal Hitler,69.5,33.5,2.5,2.9,38.5,2048.0,1012.5,12.0,11.5,24.5,50.4,764,1064,2.0,2.0,11
Windforge,72.0,65.0,2.0,3.115,45.0,128.0,721.5,10.5,4.0,14.0,23.1,732,764,2.0,2.0,0
Olvand,36.0,180.0,1.0,1.85,65.0,320.0,550.0,9.5,1.0,2.5,6.8,132,132,1.0,1.0,9
PlayerUnknowns Battlegrounds,0.0,27.0,5.0,3.35,14.0,2048.0,1576.5,12.05,34.5,68.5,145.7,764,1064,30.0,30.0,11
Dark Souls 3,52.5,32.0,4.0,3.7,27.0,2560.0,1300.0,11.15,21.5,66.5,163.2,764,1064,25.0,25.0,11
Reaper: Tale Of A Pale Swordsman,36.0,65.0,2.0,3.015,38.5,384.0,650.0,10.0,4.5,5.5,22.4,732,732,1.0,2.0,9
Nights into Dreams....,72.5,130.0,1.0,2.3,77.5,256.0,600.0,10.05,3.5,5.0,19.200000000000003,132,732,4.0,4.0,9
Otems Defiance,36.5,38.5,3.0,4.15,11.0,512.0,850.0,11.0,4.0,8.0,20.0,732,1064,4.0,5.0,10
Rayman Legends,66.5,90.0,1.0,2.0,77.5,256.0,750.0,9.0,3.0,3.0,48.0,132,132,6.0,6.0,9
Wrestling MPire 2008: Career Edition,66.5,180.0,1.0,2.1,77.5,320.0,550.0,9.5,1.0,2.5,6.8,132,132,2.0,2.0,9
Sniper: Ghost Warrior 3,67.0,38.5,2.5,2.95,32.0,2048.0,1351.0,11.1,32.5,89.5,172.95,264,764,50.0,50.0,11
Saints Row: Gat Out Of Hell,67.5,45.0,2.0,2.5,38.5,960.0,999.5,10.5,14.5,41.0,119.95,232,764,10.0,10.0,10
Dog Duty,36.5,38.5,3.0,3.45,23.0,2560.0,1626.0,11.6,33.5,133.5,256.15,732,1064,0.0,0.0,11
Ghost Whisperer: A Brush With Death,36.0,180.0,1.0,1.85,65.0,320.0,550.0,9.5,1.0,2.5,6.8,132,132,0.0,0.0,9
Ultimate Marvel vs Capcom 3,35.5,55.0,2.5,2.93,48.5,960.0,1024.5,10.5,14.5,37.5,123.15,732,764,16.0,16.0,9
Bad North: Jotunn Edition,35.0,30.0,3.0,2.45,33.5,1024.0,975.0,11.5,17.5,36.0,124.8,732,764,0.0,0.0,11
Silent Hill 2021,36.5,38.5,3.0,3.75,27.0,7168.0,2001.0,12.05,62.5,165.0,224.1,764,764,40.0,40.0,11
The Endless Mission,36.5,32.0,5.0,3.35,18.0,2560.0,1376.0,11.1,27.5,93.5,192.1,764,1064,15.0,15.0,11
Vast,66.5,180.0,1.0,2.1,77.5,320.0,550.0,9.5,1.0,2.5,6.8,132,132,0.0,0.0,9
The Council - Episode 5: Checkmate,52.5,32.0,5.0,3.75,27.0,1536.0,1375.0,11.6,17.0,42.5,88.0,764,1064,15.0,15.0,11
Final Fantasy XIV: Endwalker,36.5,38.5,4.0,3.75,32.0,1536.0,1437.5,11.6,17.5,48.5,92.0,864,864,80.0,80.0,11
YesterMorrow,70.5,55.0,2.0,2.4,55.0,768.0,899.0,11.05,3.0,6.0,21.6,732,1064,2.0,2.0,9
Besiege,32.5,65.0,2.0,3.2,33.5,768.0,450.0,10.6,3.0,6.5,7.2,132,764,1.0,10.0,9
DMC: Devil May Cry,71.0,65.0,2.0,2.5,55.0,288.0,811.0,10.05,10.5,11.5,58.25,132,764,9.0,9.0,9
Risk: Global Domination,30.5,55.0,2.0,2.8,55.0,256.0,583.5,10.05,2.5,4.0,12.65,232,1064,0.0,0.0,10
Tropico 5 - Generalissimo,71.0,65.0,2.0,2.35,38.5,1024.0,850.0,11.05,1.5,1.5,27.200000000000003,232,764,4.0,4.0,11
The Dark Pictures: The Devil in Me,0.0,27.0,6.0,3.0,14.0,2048.0,1564.0,12.05,34.5,92.0,144.1,1064,1064,65.0,65.0,11
Stupid Llama,66.5,180.0,1.0,1.98,65.0,320.0,550.0,9.5,1.0,2.5,6.8,132,132,0.0,0.0,9
Fantasy General II,34.5,38.5,2.0,3.0,32.0,1024.0,1751.0,12.05,33.0,62.5,56.05,764,1064,2.2,2.2,11
World of Warcraft: Shadowlands,0.0,27.0,6.0,3.85,13.0,2048.0,1626.0,11.55,26.5,90.5,152.15,764,1064,100.0,100.0,11
Black Survival: Eternal Return,36.5,55.0,2.0,3.7,32.0,512.0,900.0,10.05,9.5,26.0,57.6,764,1064,5.0,5.0,9
Life is Strange Remastered,33.5,38.5,3.0,3.6,27.0,2048.0,1187.5,11.1,16.5,37.0,76.0,764,1064,14.0,14.0,11
Blackmoor Bay,66.5,180.0,1.0,2.1,77.5,320.0,550.0,9.5,1.0,2.5,6.8,132,132,0.0,0.0,9
BoneCraft - Somewhere In Some Galaxy,66.5,77.5,2.0,1.85,65.0,384.0,750.0,9.0,0.0,0.0,24.0,132,132,3.0,3.0,9
The Cycle: Frontier,50.0,18.0,4.0,3.4,14.0,2048.0,1451.0,11.15,31.5,86.5,185.75,1064,1064,37.0,37.0,11
Forza Horizon 3,33.5,27.0,6.0,4.15,16.0,2048.0,1376.0,11.55,24.5,77.5,136.15,1064,1064,55.0,55.0,12
Dragon Marked For Death,30.5,180.0,1.0,2.8,55.0,384.0,865.0,10.05,9.5,21.0,48.150000000000006,732,1064,1.0,1.0,9
Steep,52.5,32.0,5.0,3.75,27.0,2048.0,1376.0,11.55,20.5,69.5,112.1,764,764,25.0,25.0,11
Barbarian Brawl,66.5,180.0,1.0,2.1,77.5,320.0,550.0,9.5,1.0,2.5,6.8,132,132,0.0,0.0,9
Madden NFL 22,64.0,21.0,3.0,3.45,27.0,1024.0,1626.0,11.55,25.0,88.5,96.15,1064,1064,50.0,50.0,11
Rise of the Tomb Raider,52.5,32.0,3.0,3.55,18.0,2048.0,1187.5,11.1,16.5,37.0,76.0,764,764,25.0,25.0,11
Dead by Daylight - The Bloodstained Sack,36.5,27.0,5.0,3.15,27.0,1024.0,950.0,11.5,23.5,37.5,121.6,764,764,15.0,0.0,11
Swords n Magic and Stuff,36.5,38.5,3.0,3.45,23.0,1664.0,1075.0,11.05,28.5,49.5,152.8,764,1064,2.0,4.0,11
Re:Turn - One Way Trip,70.0,55.0,2.0,2.85,38.5,256.0,600.0,10.0,2.0,3.0,8.0,164,1064,2.0,2.0,7
Grave Prosperity: Redux,66.5,180.0,1.0,2.1,77.5,320.0,550.0,9.5,1.0,2.5,6.8,132,132,0.0,0.0,9
Eador: Masters Of The Broken World,30.5,155.0,1.0,1.9835,97.5,192.0,266.5,8.55,0.0,0.0,4.25,132,732,2.0,2.0,9
1666 Amsterdam,52.5,32.0,5.0,3.7,27.0,2048.0,1451.0,11.15,27.5,78.5,161.7,764,764,50.0,50.0,11
Ridge Racer Unbounded,0.0,77.5,2.0,2.565,55.0,512.0,1013.0,10.05,11.0,23.0,64.85,132,132,3.0,3.0,9
Faster Than Light,35.5,155.0,1.0,2.2,77.5,256.0,250.0,10.0,2.5,4.0,4.0,132,132,0.0,0.0,9
Doom Eternal,0.0,23.0,4.0,3.5,14.0,3584.0,1501.0,11.6,37.5,85.5,176.05,764,1064,50.0,50.0,11
Borderlands 2,0.0,77.5,2.0,2.565,55.0,256.0,550.0,10.0,2.5,5.0,17.6,132,764,13.0,20.0,9
Brick-Force,35.0,180.0,1.0,2.6,110.0,384.0,350.0,9.5,1.0,2.5,5.6,132,132,2.0,2.0,9
Call of Duty - Black Ops: Escalation,35.0,65.0,2.0,3.115,45.0,384.0,550.0,10.05,4.5,14.0,17.6,132,132,1.5,1.5,9
International Cue Club,36.0,180.0,1.0,1.85,65.0,320.0,550.0,9.5,1.0,2.5,6.8,132,132,0.0,0.0,9
Lego Jurassic World,67.5,77.5,2.0,3.08,45.0,384.0,545.0,9.0,0.0,0.0,28.5,132,764,10.0,10.0,10
Rogue Heist,0.0,27.0,6.0,3.35,14.0,2048.0,1351.0,11.1,26.5,69.0,148.89999999999998,764,1064,7.0,7.0,11
Industry Manager Future Simulator,69.5,33.5,2.5,2.9,38.5,1536.0,1075.0,11.15,6.0,14.5,34.4,132,764,5.0,5.0,9
Age Of Wushu,66.5,155.0,1.0,2.03,77.5,192.0,550.0,9.0,0.0,0.0,12.8,132,132,10.0,10.0,9
Nix,66.5,180.0,1.0,2.1,77.5,320.0,550.0,9.5,1.0,2.5,6.8,132,132,0.0,0.0,9
Thug III,66.5,180.0,1.0,2.1,77.5,320.0,550.0,9.5,1.0,2.5,6.8,132,132,0.0,0.0,9
Tormentum: Dark Sorrow,66.5,180.0,1.0,2.1,77.5,320.0,550.0,9.5,1.0,2.5,6.8,132,132,0.0,0.0,9
Achtung Panzer: Operation Star - Sokolovo 1943,36.0,155.0,1.0,2.6,90.0,128.0,372.5,9.0,0.0,0.0,9.75,132,132,1.0,1.0,9
Children of the Nile: Alexandria,0.0,180.0,1.0,1.9165,130.0,192.0,137.5,9.0,0.0,0.0,4.4,200,732,1.0,1.0,9
Master Arena,36.5,38.5,3.0,3.75,18.0,2048.0,1351.0,11.1,28.5,81.5,148.89999999999998,764,1064,30.0,30.0,9
Trepidation,66.5,180.0,1.0,2.1,77.5,320.0,550.0,9.5,1.0,2.5,6.8,132,132,0.0,0.0,9
Daylight,31.0,77.5,2.0,3.1500000000000004,55.0,768.0,850.0,11.0,3.0,5.5,13.6,764,764,5.0,5.0,11
Galaxy in Turmoil,36.5,38.5,3.0,3.15,27.0,1536.0,1076.0,11.0,6.5,15.0,34.45,764,764,3.0,3.0,11
Meet Your Maker,36.5,14.0,4.0,3.45,18.0,2048.0,1576.5,11.65,36.0,79.5,145.7,1064,1064,20.0,20.0,11
Dynasty Warriors 9,52.5,32.0,5.0,3.45,18.0,2048.0,1451.0,11.55,28.0,72.5,161.7,764,1064,50.0,50.0,11
Deadly Premonition 2: A Blessing in Disguise,36.5,38.5,3.0,3.75,27.0,2048.0,1487.5,11.6,17.5,53.5,95.2,764,764,40.0,40.0,11
Lucius 2 : The Prophecy,67.5,65.0,2.0,3.08,45.0,960.0,1054.5,10.05,16.0,42.5,125.9,164,764,5.0,5.0,9
Schar: Blue Shield,66.5,180.0,1.0,2.1,77.5,320.0,550.0,9.5,1.0,2.5,6.8,132,132,0.0,0.0,9
Cold Fear,0.0,180.0,1.0,2.0,130.0,64.0,390.0,8.1,0.0,0.0,6.25,200,132,3.0,3.0,9
Craftlands Workshoppe,70.0,38.5,3.0,2.85,38.5,1024.0,1187.5,11.1,16.5,37.0,76.0,1064,1064,1.0,1.0,11
Kingdom,66.5,180.0,1.0,2.1,77.5,320.0,550.0,9.5,1.0,2.5,6.8,132,832,0.0,0.0,9
Shogun 2: Total War - Fall of the Samurai,67.5,130.0,1.0,2.55,38.5,256.0,325.0,9.5,2.0,2.0,8.4,132,132,22.0,32.0,9
Jalopy,69.5,33.5,2.5,2.9,38.5,1536.0,1075.0,11.15,6.0,14.5,34.4,732,764,1.0,1.0,9
Eron,66.5,180.0,1.0,2.1,77.5,320.0,550.0,9.5,1.0,2.5,6.8,132,132,0.0,0.0,9
Borderlands 2: Mechromancer,0.0,77.5,2.0,2.565,55.0,256.0,550.0,10.0,2.5,5.0,17.6,132,764,2.0,2.0,9
Starship EVO,0.0,23.0,6.0,3.7,14.0,1536.0,1325.0,11.2,25.5,59.5,129.6,1064,1064,4.0,4.0,11
Dungeons and Dragons RPG,36.5,38.5,3.0,3.75,27.0,2048.0,1487.5,11.6,17.5,53.5,95.2,764,764,40.0,40.0,11
State Of Decay 2,36.5,32.0,5.0,3.6,27.0,2048.0,1351.0,11.1,32.5,89.5,172.95,1064,1064,16.0,16.0,11
Block Multiplayer: RPG,36.5,14.0,4.0,3.55,18.0,2048.0,1351.0,11.1,28.5,81.5,148.89999999999998,264,1064,3.0,3.0,10
Angry Video Game Nerd Adventures,66.5,180.0,1.0,1.95,65.0,320.0,550.0,9.5,1.0,2.5,6.8,132,132,0.0,0.0,9
Atomicrops,35.0,30.0,3.0,2.45,33.5,1024.0,1037.5,11.0,17.5,31.5,116.4,764,1064,1.0,1.0,11
Batman: Arkham Origins - Cold Cold Heart,67.5,65.0,2.0,3.03,45.0,640.0,915.5,10.55,18.5,28.0,90.6,232,764,15.0,15.0,10
Farm Manager 2021,36.5,32.0,6.0,3.7,32.0,4096.0,1826.0,12.05,46.0,123.5,169.64999999999998,764,1064,8.0,8.0,11
Sleeping Dogs,35.0,65.0,2.0,2.215,65.0,768.0,900.5,11.0,14.5,25.0,76.85,232,764,15.0,15.0,10
I Expect You To Die 2,36.5,18.0,4.0,3.4,18.0,7168.0,2001.0,12.05,61.5,159.5,224.1,1064,1064,10.0,10.0,11
Penny Arcade - Precipice of Darkness episode three,32.5,180.0,1.0,2.8,110.0,128.0,200.0,10.0,2.0,3.0,3.2,132,132,0.0,0.0,9
Six Oclock High,66.5,180.0,1.0,2.1,77.5,320.0,550.0,9.5,1.0,2.5,6.8,132,132,0.0,0.0,9
Fatal Frame: Maiden of Black Water,36.5,45.0,4.0,3.75,32.0,2048.0,1626.0,11.55,22.0,75.0,72.1,864,864,25.0,25.0,11
UFO2 Extraterrestrials: Battle for Mercury,66.5,180.0,1.0,2.1,77.5,320.0,550.0,9.5,1.0,2.5,6.8,132,132,0.0,0.0,9
Crash Time: Autobahn Pursuit,36.0,180.0,1.0,1.85,65.0,320.0,550.0,9.5,1.0,2.5,6.8,132,132,3.0,3.0,9
Bierzerkers,32.5,77.5,2.0,3.2,33.5,1024.0,950.0,11.05,5.0,11.0,39.2,732,764,6.0,6.0,9
ITTA,70.5,55.0,2.0,2.53,45.0,512.0,1050.0,10.5,12.0,27.5,67.2,732,1064,0.0,0.0,10
Age of Empires II HD: Rise of the Rajas,36.0,180.0,1.0,1.75,65.0,256.0,262.5,9.0,0.0,0.0,6.4,132,232,2.0,2.0,9
Star Wars: The Old Republic - Rise of the Hutt Cartel,36.5,90.0,1.0,2.9665,38.5,256.0,200.0,10.55,1.5,2.0,3.2,132,132,1.0,1.0,9
The Starving Tournament,66.5,180.0,1.0,2.1,77.5,320.0,550.0,9.5,1.0,2.5,6.8,132,132,0.0,0.0,9
XCOM: Enemy Unknown Slingshot,61.0,65.0,2.0,2.75,65.0,384.0,600.0,10.0,3.0,7.0,19.2,232,764,20.0,20.0,9
Encased: A Sci-Fi Post-Apocalyptic RPG,36.5,27.0,6.0,3.45,18.0,1536.0,945.5,11.0,10.0,24.0,46.25,764,1064,6.0,6.0,11
NANOS,66.5,180.0,1.0,2.1,77.5,320.0,550.0,9.5,1.0,2.5,6.8,132,132,0.0,0.0,9
Dakar 18,36.5,32.0,5.0,3.35,18.0,2048.0,1351.0,11.1,28.5,81.5,148.89999999999998,764,1064,40.0,40.0,11
The Walking Dead: Episode 3 The Long Road Ahead,36.5,155.0,1.0,2.5,65.0,256.0,600.0,10.55,2.0,2.5,16.0,132,132,2.0,2.0,9
Hired Ops,67.0,65.0,2.5,3.2,32.0,768.0,950.0,11.05,5.0,11.0,39.2,164,764,8.0,8.0,9
VTOL VR,0.0,27.0,6.0,3.5,14.0,6144.0,1626.5,12.0,65.0,141.5,304.2,764,1064,1.0,1.0,11
Bear With Me - Episode Three,66.5,180.0,1.0,2.1,77.5,320.0,550.0,9.5,1.0,2.5,6.8,132,132,1.2,1.2,9
Magician and Looters,66.5,180.0,1.0,2.1,77.5,320.0,550.0,9.5,1.0,2.5,6.8,132,132,0.0,0.0,9
Cliffs of War: Fortress Defenders,0.0,155.0,1.0,2.565,155.0,256.0,450.0,10.0,2.0,4.5,14.4,132,132,0.0,0.0,9
Madden NFL 23,64.0,21.0,3.0,3.35,27.0,1024.0,1626.0,11.55,22.0,75.0,72.1,1064,1064,50.0,50.0,11
Resident Evil 7,52.5,27.0,5.0,4.05,11.0,2048.0,1376.0,11.55,24.5,77.5,136.15,764,764,50.0,50.0,11
Ben and Ed,32.5,48.5,4.0,3.2,33.5,768.0,450.0,10.6,3.0,6.5,7.2,732,764,5.0,5.0,10
Shaun the Sheep 2 : Home Sheep Home,66.5,180.0,1.0,2.1,77.5,320.0,550.0,9.5,1.0,2.5,6.8,132,132,0.0,0.0,9
Beneath the Crimson Moon,66.5,180.0,1.0,2.1,77.5,320.0,550.0,9.5,1.0,2.5,6.8,132,132,0.0,0.0,9
A Story About My Uncle,66.5,180.0,1.0,2.1,77.5,320.0,550.0,9.5,1.0,2.5,6.8,132,132,0.0,0.0,9
Endless Sky,66.5,180.0,1.0,2.1,77.5,320.0,550.0,9.5,1.0,2.5,6.8,132,132,0.0,0.0,0
The House of Da Vinci 2,34.5,55.0,2.0,3.25,27.0,768.0,899.0,11.05,3.0,6.0,21.6,764,1064,7.0,7.0,9
Our Darker Purpose,66.5,180.0,1.0,2.1,77.5,256.0,630.0,9.0,3.5,5.5,40.3,132,132,0.0,0.0,10
Taur,67.0,32.0,3.0,3.45,32.0,1280.0,826.0,10.55,12.0,23.5,76.85,764,1064,3.0,3.0,10
Guts and Glory,73.0,97.5,1.5,3.2,38.5,2048.0,1008.0,11.1,10.0,22.5,50.25,732,764,3.0,10.0,9
Demolish and Build Company 2017,36.5,38.5,2.5,3.3,32.0,1024.0,1025.5,11.0,27.5,47.5,131.25,764,764,15.0,15.0,11
Samorost 3,66.5,180.0,1.0,2.1,77.5,320.0,550.0,9.5,1.0,2.5,6.8,132,132,1.0,1.0,9
The Darkness 2,70.5,77.5,2.0,2.35,65.0,1024.0,699.0,10.55,2.0,4.5,11.2,132,132,8.0,10.0,9
Dragon Nest,66.5,155.0,1.0,1.85,65.0,192.0,175.0,9.5,1.0,1.0,2.8,132,132,3.0,4.0,9
Erzurum,36.5,32.0,5.0,3.5,18.0,3584.0,1376.0,11.15,52.0,162.5,304.2,764,1064,6.0,6.0,11
AVICII Invector,30.5,135.0,1.0,2.8,55.0,1536.0,650.0,11.0,3.0,4.0,17.6,232,1064,2.5,2.5,11
Risen,36.0,110.0,1.0,1.8,77.5,256.0,400.0,10.5,3.5,4.5,9.6,132,0,2.5,2.5,9
Sims 3: Hidden Springs,66.5,155.0,1.0,2.05,65.0,192.0,137.5,9.0,0.0,0.0,4.4,132,132,1.0,1.0,9
Duke Nukem 3D: 20th Anniversary World Tour,67.0,65.0,2.0,2.715,48.5,384.0,750.0,10.05,5.0,16.5,24.0,764,764,1.2,1.2,11
QRTH-PHYL,66.5,180.0,1.0,2.1,77.5,320.0,550.0,9.5,1.0,2.5,6.8,132,132,0.0,0.0,9
theHunter: Call of the Wild,36.5,32.0,6.0,3.75,32.0,2048.0,1351.0,11.1,28.5,81.5,148.89999999999998,764,1064,20.0,20.0,11
Chainsaw Warrior: Lords of the Night,66.5,180.0,1.0,2.1,77.5,64.0,237.5,9.55,1.5,1.5,7.6,132,764,0.0,0.0,9
Doom 4,52.5,32.0,6.0,3.7,27.0,2048.0,1351.0,11.1,31.5,95.0,172.95,764,764,55.0,55.0,11
The Waylanders,0.0,14.0,6.0,3.4,14.0,7168.0,2001.0,12.05,61.5,159.5,224.1,764,1064,40.0,40.0,11
HTC Vive,36.5,27.0,5.0,3.65,27.0,3584.0,1376.0,11.05,48.0,166.0,304.2,764,764,0.0,0.0,11
Danganronpa: Trigger Happy Havoc,33.5,45.0,2.5,3.25,27.0,1024.0,975.0,10.6,5.5,16.0,31.2,732,764,5.0,6.0,9
Divinity 2: Flames Of Vengence,0.0,65.0,2.0,2.85,67.5,256.0,840.0,9.0,0.0,0.0,42.55,132,132,2.0,2.0,9
Garrys Mod VR,36.5,38.5,3.0,3.95,27.0,1536.0,1425.0,11.15,15.5,53.5,91.2,264,764,20.0,20.0,11
Tom Clancy: Ghost Recon Online,37.0,77.5,1.0,2.765,55.0,512.0,650.0,10.5,3.5,6.5,14.4,132,132,5.0,5.0,9
Babel Rising,66.0,90.0,2.0,2.4,77.5,256.0,550.0,9.5,1.5,3.0,17.6,132,132,0.0,0.0,9
Combat Extreme 2.0,66.5,180.0,1.0,2.1,77.5,320.0,550.0,9.5,1.0,2.5,6.8,132,132,0.0,0.0,9
Overwatch,71.5,38.5,2.5,2.93,38.5,768.0,946.5,11.05,16.0,31.5,89.4,764,764,5.0,5.0,11
Deformers,71.0,65.0,2.0,2.25,48.5,320.0,800.0,10.0,7.0,16.5,44.8,132,732,2.0,2.0,9
Highborn,36.0,130.0,1.0,3.2,45.0,320.0,651.5,9.5,6.0,6.0,60.6,132,264,3.0,3.0,9
The Trench,66.5,155.0,1.0,2.05,65.0,384.0,750.0,9.5,1.5,3.0,36.8,132,732,8.0,8.0,9
Final Upgrade,33.5,27.0,5.0,3.65,27.0,2560.0,1626.0,11.6,33.5,133.5,256.15,1064,0,5.0,5.0,11
Neverwinter Nights 2: Mask of the betrayer,0.0,155.0,1.0,2.5835,110.0,128.0,200.0,9.0,0.0,0.0,3.2,132,132,5.5,5.5,9
Project CARS,34.5,45.0,4.0,3.55,27.0,960.0,1099.5,10.5,15.0,35.5,94.35,764,864,7.0,7.0,9
The Witcher III: Wild Hunt - Hearts of Stone,52.5,38.5,4.0,3.7,27.0,2048.0,1351.0,11.1,28.5,81.5,148.89999999999998,764,764,40.0,40.0,11
Northern Shadow,37.0,65.0,2.0,3.23,45.0,128.0,255.0,10.05,4.0,14.0,8.15,132,764,5.0,5.0,9
Astroneer,36.5,38.5,3.0,3.95,27.0,1536.0,1425.0,11.15,15.5,53.5,91.2,264,764,20.0,20.0,11
Age of Conan: Rise Of The Godslayer,36.0,77.5,2.0,2.865,45.0,256.0,840.0,9.5,2.0,4.5,42.55,132,132,3.5,3.5,9
Silent Enemy,36.0,180.0,1.0,1.85,65.0,320.0,550.0,9.5,1.0,2.5,6.8,132,132,2.0,2.0,9
Xuan-Yuan Sword VII,50.0,27.0,6.0,3.55,14.0,1024.0,1751.5,12.05,28.5,71.0,56.1,1064,1064,50.0,50.0,11
Rocksmith - The Offspring 3-Song Pack,67.0,77.5,2.0,2.88,65.0,256.0,700.0,10.0,3.5,7.5,22.4,132,764,1.0,1.0,9
Freddys Back,66.5,180.0,1.0,2.1,77.5,320.0,550.0,9.5,1.0,2.5,6.8,132,132,0.0,0.0,9
Battle Battalions,67.0,65.0,2.0,2.63,55.0,768.0,1113.0,10.05,12.0,29.5,71.25,232,764,4.0,4.0,10
Democracy 3: Extremism,66.5,180.0,1.0,2.1,77.5,320.0,550.0,9.5,1.0,2.5,6.8,132,132,0.0,0.0,9
Iron Blood VR,50.0,27.0,6.0,3.55,14.0,4096.0,1501.5,11.6,63.5,137.5,272.2,764,1064,3.0,4.0,11
This is the Zodiac Speaking,70.0,38.5,3.0,2.85,38.5,2048.0,1351.0,11.1,28.5,81.5,148.89999999999998,1064,1064,7.0,7.0,11
Police Force,66.5,130.0,1.0,2.0,77.5,256.0,375.0,9.0,0.0,0.0,10.0,132,132,5.0,5.0,9
Murdered: Soul Suspect,69.0,45.0,2.0,2.73,38.5,768.0,1000.0,10.05,10.5,32.5,64.0,232,764,20.0,20.0,9
House on the Hill,36.0,27.0,4.0,3.55,27.0,1664.0,1018.5,11.05,26.0,44.5,143.75,764,1064,10.0,10.0,11
Agents of Mayhem,33.0,27.0,3.0,2.75,27.0,2048.0,1487.5,11.6,17.5,53.5,95.2,764,764,20.0,20.0,11
Doom VFR,0.0,27.0,6.0,3.8,14.0,6144.0,1876.0,12.05,74.5,192.0,240.15,764,1064,17.0,17.0,11
Galactic Ruler,30.5,155.0,1.0,2.8,55.0,768.0,899.0,11.05,3.0,6.0,21.6,864,1064,2.0,2.0,11
Decay of Logos,36.5,27.0,6.0,3.4000000000000004,18.0,2048.0,1351.0,11.1,26.5,69.0,148.89999999999998,1064,1064,3.0,3.0,11
Awesomenauts: Overdrive Expansion,66.5,87.5,1.5,2.1,77.5,256.0,200.0,10.1,2.5,2.5,3.2,132,132,1.5,1.5,9
Nickelodeon All-Star Brawl,0.0,27.0,5.0,3.35,14.0,2048.0,1576.5,12.05,34.5,68.5,145.7,764,764,15.0,15.0,11
Valhall: Harbinger,0.0,14.0,4.0,3.75,14.0,4096.0,1751.5,12.0,53.5,152.5,224.2,1064,1064,20.0,20.0,11
Rise of the Triad,70.5,65.0,2.0,2.4,65.0,512.0,1013.0,10.05,11.0,23.0,64.85,132,764,5.0,5.0,9
Scarlet Nexus,36.5,27.0,6.0,3.55,17.0,2560.0,1438.5,11.1,31.5,108.5,228.15,1064,1064,50.0,50.0,11
Assassins Creed: Valhalla - Wrath of the Druids,36.5,18.0,4.0,3.4000000000000004,18.0,2048.0,1564.0,12.05,34.5,92.0,144.1,1064,1064,50.0,50.0,12
Warp,66.5,110.0,1.0,2.15,65.0,192.0,712.5,9.55,1.5,1.5,15.2,132,132,1.5,1.5,9
Darksiders Warmastered Edition,0.0,77.5,2.0,2.465,48.5,512.0,850.0,10.05,11.0,29.0,54.400000000000006,164,764,13.0,13.0,9
Alien: Isolation,66.5,45.0,2.5,3.1,45.0,1024.0,950.0,11.0,3.5,10.0,46.4,732,764,35.0,35.0,11
Real Horror Stories,66.5,180.0,1.0,2.1,77.5,320.0,550.0,9.5,1.0,2.5,6.8,132,132,0.0,0.0,9
Xenonauts,66.5,180.0,1.0,2.1,77.5,320.0,550.0,9.5,1.0,2.5,6.8,132,132,5.0,5.0,9
Johnny Horror,66.5,180.0,1.0,2.1,77.5,320.0,550.0,9.5,1.0,2.5,6.8,132,132,0.0,0.0,9
Just Cause 5,36.5,32.0,5.0,3.3,18.0,2048.0,1451.0,11.15,31.5,86.5,185.75,764,1064,60.0,60.0,11
Fallout 4 - Contraptions Workshop,36.5,38.5,4.0,4.15,11.0,1536.0,1112.5,11.05,27.0,54.5,126.0,764,764,30.0,30.0,11
Bliss Maze,32.5,65.0,2.0,3.2,33.5,768.0,450.0,10.55,1.5,5.5,14.4,732,764,10.0,10.0,11
London Faversham High Speed,36.0,55.0,2.0,3.165,45.0,768.0,750.0,10.5,6.5,9.5,35.2,132,732,6.0,6.0,9
Mazi - Remastered,36.5,27.0,3.0,3.45,18.0,1280.0,950.0,11.5,6.5,15.0,39.2,764,1064,2.0,2.0,12
SpellForce 2 - Faith in Destiny Scenario 3: The Last Stand,0.0,180.0,1.0,2.265,130.0,128.0,311.0,8.55,0.0,0.0,4.1000000000000005,132,164,5.0,5.0,9
Akibas Trip: Undead And Undressed,69.5,33.5,2.5,2.9,38.5,1024.0,1026.0,11.0,12.0,25.0,65.65,132,764,3.0,3.0,9
Dauntless,65.0,38.5,3.0,2.78,45.0,2048.0,1451.0,11.55,29.0,97.0,161.7,132,764,24.0,24.0,11
Tony Hawks American Wasteland,0.0,90.0,1.0,1.75,130.0,256.0,366.5,9.5,1.0,1.0,5.85,132,132,3.5,3.5,9
Crush Online,71.0,32.0,2.0,2.45,43.5,256.0,750.0,10.0,5.5,8.0,36.8,132,132,1.0,0.0,10
KickBeat Steam Edition,66.5,77.5,2.0,2.1,77.5,384.0,700.0,10.0,3.5,7.5,22.4,232,232,2.0,2.0,11
Demolition Master 3D,66.5,180.0,1.0,2.1,77.5,320.0,550.0,9.5,1.0,2.5,6.8,132,132,0.0,0.0,9
Space Mechanic Simulator,36.5,23.0,5.0,3.25,27.0,2048.0,1451.0,11.15,27.5,78.5,161.7,164,1064,10.0,10.0,11
Tales of Aravorn: Seasons of The Wolf,66.5,180.0,1.0,2.1,77.5,320.0,550.0,9.5,1.0,2.5,6.8,132,132,0.0,0.0,9
Retention,66.5,180.0,1.0,2.1,77.5,320.0,550.0,9.5,1.0,2.5,6.8,132,132,0.0,0.0,9
Deadlight,36.0,155.0,1.0,1.95,65.0,256.0,250.0,10.5,1.5,3.5,2.0,132,132,5.0,5.0,9
Mass Effect 3,61.0,65.0,2.0,2.75,65.0,512.0,395.0,10.55,1.0,2.5,6.3,132,132,15.0,15.0,9
Piloteer,66.5,180.0,1.0,2.1,77.5,320.0,550.0,9.5,1.0,2.5,6.8,132,132,0.0,0.0,9
Ruzar - The Life Stone,35.5,65.0,2.0,2.93,38.5,1408.0,924.5,10.05,16.0,46.0,139.1,132,732,1.0,1.0,9
Hearts of Iron III,66.5,110.0,1.0,1.93,77.5,256.0,750.0,9.0,3.0,3.0,48.0,132,232,2.0,2.0,9
Rising Lords,70.0,55.0,2.0,2.85,38.5,512.0,650.0,10.05,6.5,25.0,28.0,164,1064,0.0,0.0,9
Rugby 15,33.5,65.0,2.0,3.5,27.0,768.0,450.0,10.6,3.0,6.5,7.2,132,764,3.0,3.0,9
Population: One,36.5,18.0,4.0,3.55,18.0,4096.0,1751.5,12.0,53.5,152.5,224.2,1064,1064,5.0,5.0,9
Spintires: MudRunner,67.0,38.5,3.0,2.95,38.5,1536.0,1187.5,11.6,6.5,15.0,56.0,132,764,15.0,15.0,9
Future Wars,0.0,180.0,1.0,2.2885,130.0,64.0,358.0,7.55,0.0,0.0,5.050000000000001,732,0,8.0,8.0,9
Forge Quest,66.5,180.0,1.0,2.1,77.5,320.0,550.0,9.5,1.0,2.5,6.8,132,132,1.0,1.0,9
Duck Season,0.0,27.0,6.0,3.3,14.0,4096.0,1751.5,12.0,53.5,152.5,224.2,764,1064,7.0,7.0,11
Alliance of Valiant Arms,32.5,155.0,1.0,2.4,90.0,192.0,304.0,9.0,1.0,1.0,4.85,132,132,6.0,2.0,9
Aliens vs Predator,66.5,130.0,1.0,2.315,65.0,384.0,450.0,9.0,0.0,0.0,14.4,132,132,10.0,10.0,9
The Fantastic Fivesome,66.5,180.0,1.0,2.1,77.5,320.0,550.0,9.5,1.0,2.5,6.8,132,132,0.0,0.0,9
Hyper Void,66.5,180.0,1.0,2.1,77.5,320.0,550.0,9.5,1.0,2.5,6.8,132,132,0.0,0.0,9
Playground VR,36.5,27.0,6.0,3.65,27.0,4096.0,1751.5,12.0,53.5,152.5,224.2,764,1064,1.0,2.0,11
Haunt : The Real Slender Game,36.0,180.0,1.0,1.85,65.0,320.0,550.0,9.5,1.0,2.5,6.8,132,132,0.0,0.0,9
Valgrave: Immortal Plains,70.0,55.0,2.0,2.85,38.5,2048.0,1351.0,11.1,26.5,69.0,148.89999999999998,732,1064,2.0,2.0,11
Fifa Manager 12,0.0,130.0,1.0,2.2,130.0,128.0,372.5,9.0,0.0,0.0,9.75,132,764,8.0,8.0,9
The Sims 4: Spa Day,36.5,65.0,2.0,3.5,32.0,256.0,262.5,9.0,0.0,0.0,4.2,132,764,1.0,1.0,9
Shogun 2: Total War,37.0,130.0,1.0,3.165,45.0,256.0,325.0,9.5,2.0,2.0,8.4,132,764,20.0,20.0,9
Wander,36.0,180.0,1.0,1.85,65.0,320.0,550.0,9.5,1.0,2.5,6.8,132,132,2.0,2.0,9
Donald Duck: Goin Quackers,0.0,180.0,1.0,1.15,180.0,64.0,266.0,7.0,0.0,0.0,2.8,98,98,0.0,0.0,8
Death Stranding 2,52.5,18.0,4.0,3.3,18.0,4096.0,1876.0,12.05,46.5,126.0,176.05,1064,1064,80.0,80.0,12
Zombie Army 4: Dead War,52.5,23.0,4.0,3.75,27.0,2048.0,1250.0,11.6,20.0,48.0,64.0,764,764,50.0,50.0,11
Team Fortress 2: Holiday Pack,35.0,135.0,1.0,2.8,130.0,192.0,300.0,9.0,0.0,0.0,4.800000000000001,132,732,5.0,5.0,8
Pro Cycling Manager 2014,72.0,65.0,2.0,3.115,45.0,128.0,721.5,10.5,4.0,14.0,23.1,132,764,3.0,3.0,9
Solar Ash Kingdom,69.5,33.5,2.5,2.9,38.5,2048.0,1012.5,12.0,11.5,24.5,50.4,764,764,15.0,15.0,11
Guns and Robots,36.0,180.0,1.0,1.85,65.0,320.0,550.0,9.5,1.0,2.5,6.8,132,132,1.0,1.0,9
Signal Decay,30.5,155.0,1.0,2.8,55.0,768.0,950.0,11.05,5.0,11.0,39.2,732,1064,1.0,1.0,9
Rival Stars Horse Racing: Desktop Edition,36.5,32.0,5.0,3.15,32.0,768.0,899.0,11.05,3.0,6.0,21.6,764,1064,3.0,3.0,11
The Missing Few,0.0,18.0,4.0,3.6,13.0,4096.0,1751.5,12.0,53.0,141.0,224.2,1064,1064,5.0,5.0,11
Pirates of Black Cove: Origins,0.0,65.0,1.0,2.15,65.0,384.0,550.0,9.5,2.0,4.5,17.6,132,132,4.0,2.0,9
F1 2012,67.0,65.0,2.0,3.05,48.5,1024.0,800.0,11.05,13.5,28.5,68.8,132,764,13.0,13.0,9
Strider 2014,71.0,65.0,2.0,2.5,55.0,1536.0,950.0,11.5,10.0,20.5,46.4,232,764,3.7,4.0,11
Truffle Saga,37.0,65.0,2.0,3.23,45.0,128.0,255.0,10.05,4.0,14.0,8.15,132,764,0.0,0.0,9
Unturned,0.0,180.0,1.0,2.4585,110.0,64.0,300.0,8.5,1.0,1.0,3.2,132,132,1.0,1.0,8
Friday the 13th: Killer Puzzle - Episode 5: Last Resort,30.5,155.0,1.0,2.7,55.0,384.0,600.0,10.0,2.0,3.0,9.6,732,1064,0.0,0.0,9
Karnage Chronicles,0.0,27.0,6.0,3.3,14.0,4096.0,1751.5,12.0,53.5,152.5,224.2,764,1064,3.0,3.0,11
Siege of Turtle Enclave,66.5,180.0,1.0,2.1,77.5,320.0,550.0,9.5,1.0,2.5,6.8,132,132,0.0,0.0,9
I Am Alive,35.0,77.5,2.0,2.215,65.0,768.0,750.0,10.5,6.5,9.5,28.8,132,764,8.5,8.5,9
Paranoid,0.0,38.5,3.0,3.0,14.0,2560.0,1376.0,11.1,27.5,93.5,192.1,764,1064,20.0,20.0,11
Iris and the Giant,70.0,55.0,2.0,2.85,38.5,512.0,850.0,11.1,3.0,6.5,20.0,732,1064,0.0,0.0,10
Stellaris: Federations,34.5,45.0,4.0,3.2,38.5,1024.0,1101.0,11.0,19.5,39.0,102.55,132,764,4.0,4.0,9
Homesick,32.5,65.0,2.0,3.2,33.5,768.0,450.0,10.6,3.0,6.5,7.2,132,764,2.0,2.0,9
Skyborn,0.0,90.0,1.0,1.5,65.0,64.0,100.0,9.0,0.0,0.0,1.6,132,0,0.0,0.0,8
Far Cry: Primal,36.5,38.5,3.0,3.7,32.0,1024.0,1050.0,11.5,18.0,36.0,96.0,764,764,20.0,20.0,11
XMoto,36.0,155.0,1.0,2.33,90.0,32.0,83.0,8.0,0.0,0.0,1.35,200,132,0.0,0.0,8
American Truck Simulator - New Mexico,66.5,77.5,2.0,3.2,45.0,1536.0,1051.0,11.0,13.5,29.5,67.25,732,864,3.0,3.0,9
Warlocks Citadel,66.5,180.0,1.0,2.1,77.5,320.0,550.0,9.5,1.0,2.5,6.8,132,132,0.0,0.0,9
Noch,36.5,27.0,6.0,3.25,27.0,7168.0,2001.0,12.05,61.5,159.5,224.1,1064,1064,8.0,8.0,11
Sims 3: Monte Vista,66.5,155.0,1.0,2.05,65.0,128.0,137.5,9.0,0.0,0.0,4.4,132,132,3.0,3.0,9
Maneater,36.5,32.0,5.0,3.75,27.0,1152.0,943.5,11.0,26.5,42.0,134.15,764,764,4.0,4.0,11
Codename CURE,72.5,90.0,1.0,2.4,77.5,64.0,200.0,9.0,0.0,0.0,3.2,132,732,4.0,4.0,9
Dangerous Driving 2,36.5,32.0,5.0,4.1,16.0,4096.0,1501.5,11.6,63.5,137.5,272.2,764,1064,12.0,12.0,11
F1 2019,0.0,32.0,3.0,3.6,13.0,1536.0,1008.0,11.05,13.5,27.5,50.25,764,1064,80.0,80.0,11
Fugl,0.0,45.0,4.0,3.3,14.0,1536.0,1437.5,11.6,17.0,42.5,92.0,764,764,15.0,25.0,11
Temtem,50.0,38.5,2.0,3.6,23.0,1024.0,950.0,11.05,10.0,23.0,46.4,1064,1064,5.0,5.0,11
Dark Matter,72.0,77.5,2.0,3.0,38.5,320.0,550.0,9.5,1.0,2.5,6.8,132,132,1.0,2.0,9
Dagon,35.5,23.0,4.0,2.95,14.0,2048.0,1451.0,11.55,28.0,72.5,161.7,764,764,3.0,3.0,11
Sudeki,66.5,180.0,1.0,2.1,77.5,320.0,550.0,9.5,1.0,2.5,6.8,132,132,5.6,5.6,9
Fallout 4 - Nuka World,36.5,38.5,4.0,4.15,11.0,1536.0,1112.5,11.05,27.0,54.5,126.0,764,764,30.0,30.0,11
Omegalodon,0.0,90.0,1.0,2.6100000000000003,130.0,96.0,225.0,8.55,0.0,0.0,3.6,132,132,0.0,0.0,9
Regalia: Of Men and Monarchs,34.5,55.0,2.0,3.2,32.0,384.0,865.0,10.05,10.5,16.0,55.35,764,764,5.0,5.0,0
Mass Effect 3: Earth,61.0,65.0,2.0,2.75,65.0,512.0,395.0,10.55,1.0,2.5,6.3,132,132,1.0,1.0,9
Bullshot,32.5,65.0,2.0,3.2,33.5,768.0,450.0,10.6,3.0,6.5,7.2,132,764,1.5,1.5,9
Saints Row IV: How The Saints Save Christmas,66.0,45.0,2.0,2.5,55.0,1024.0,950.0,11.0,3.5,10.0,46.4,232,264,10.0,10.0,10
Kena: Bridge of Spirits,0.0,27.0,4.0,3.5,14.0,1024.0,1187.5,11.1,15.0,30.0,76.0,764,1064,25.0,25.0,11
Warhammer: End Times - Vermintide Karak Azgaraz,36.5,45.0,4.0,4.15,11.0,1024.0,1050.0,11.5,18.0,36.0,96.0,764,764,20.0,30.0,11
Yakuza Zero,33.5,27.0,5.0,3.25,18.0,1536.0,1313.0,11.5,21.5,47.5,116.05,764,764,40.0,40.0,11
Exoplanet: First Contact,66.5,180.0,1.0,2.1,77.5,320.0,550.0,9.5,1.0,2.5,6.8,132,132,3.0,3.0,9
Stormdivers,36.5,38.5,3.0,3.75,27.0,2048.0,1487.5,11.6,17.5,53.5,95.2,764,764,40.0,40.0,11
Two Point Hospital: Off The Grid,50.0,23.0,3.0,3.45,14.0,2048.0,1375.0,12.0,21.5,57.5,16.0,764,764,6.0,6.0,11
Hyperspace Pinball,66.5,180.0,1.0,2.1,77.5,320.0,550.0,9.5,1.0,2.5,6.8,132,132,0.0,0.0,9
DCL - The Game,36.5,32.0,3.0,3.35,18.0,1024.0,1225.0,11.05,15.5,34.0,78.4,764,1064,12.0,12.0,11
Courage,66.5,180.0,1.0,2.1,77.5,320.0,550.0,9.5,1.0,2.5,6.8,132,132,0.0,0.0,9
Not For Broadcast,35.5,23.0,6.0,2.95,23.0,1024.0,1375.0,11.15,16.5,45.5,88.0,764,1064,11.0,11.0,11
Kathy Rain,66.5,180.0,1.0,2.1,77.5,320.0,550.0,9.5,1.0,2.5,6.8,132,132,1.0,1.0,9
Cabelas Big Game Hunter: 2004 Season,0.0,180.0,1.0,1.1,180.0,48.0,266.0,7.0,0.0,0.0,2.1,98,0,0.0,0.0,8
Journey of Greed,69.5,55.0,2.0,3.35,32.0,512.0,650.0,10.05,6.5,25.0,28.0,132,1064,1.0,1.0,10
Crysis 2 Remastered,47.5,18.0,4.0,3.7,10.5,4096.0,1701.0,12.05,42.0,110.5,161.64999999999998,1064,1064,20.0,20.0,11
Impostor Factory,66.5,180.0,1.0,2.1,77.5,320.0,550.0,9.5,1.0,2.5,6.8,132,132,0.0,0.0,9
Desperados 3,36.5,27.0,3.0,3.75,27.0,1664.0,1100.0,11.0,27.5,57.0,156.0,764,1064,20.0,20.0,11
Star Wars: Battlefront - Death Star,50.0,23.0,3.0,3.7,23.0,2048.0,1351.0,11.1,26.5,69.0,148.89999999999998,764,1064,40.0,40.0,11
Rocket Knight,0.0,155.0,1.0,2.58,110.0,192.0,410.0,9.0,0.0,0.0,20.65,132,232,0.0,0.0,9
Silkroad-R Online,0.0,90.0,1.0,2.3665000000000003,130.0,48.0,350.0,7.55,0.0,0.0,5.6,200,200,4.0,4.0,9
Degrees of Separation,35.0,65.0,2.0,2.665,38.5,768.0,450.0,10.6,3.0,6.5,7.2,732,1064,3.0,3.0,11
Transformers: The Fall of Cybertron,35.0,65.0,2.5,2.215,65.0,416.0,892.5,10.05,10.0,18.5,63.5,132,764,8.4,8.4,9
Agarest: Generations of War 2,66.5,180.0,1.0,2.1,77.5,320.0,550.0,9.5,1.0,2.5,6.8,132,132,0.0,0.0,9
Polyhegrams,66.5,180.0,1.0,2.1,77.5,320.0,550.0,9.5,1.0,2.5,6.8,132,132,0.0,0.0,9
Time Squared,67.0,55.0,2.0,3.2,32.0,1024.0,1026.0,11.0,12.0,25.0,65.65,764,1064,35.0,35.0,11
Rock of Ages 3: Make & Break,36.0,32.0,4.0,3.95,27.0,2048.0,1626.0,11.55,25.0,88.5,96.15,764,764,3.0,3.0,11
Alarm for Cobra 11-Crash Time,66.5,180.0,1.0,2.1,77.5,320.0,550.0,9.5,1.0,2.5,6.8,132,132,2.0,2.0,9
Ultimate ADOM - Caverns of Chaos,70.0,55.0,2.0,2.85,38.5,768.0,899.0,11.05,3.0,6.0,21.6,764,1064,0.0,0.0,11
The Gunk,69.5,33.5,2.5,2.9,38.5,2048.0,1012.5,12.0,11.5,24.5,50.4,764,764,15.0,15.0,11
Gene Rain: Wind Tower - Sky City's Rebirth,0.0,27.0,6.0,3.0,14.0,2048.0,1275.0,11.15,24.5,61.5,120.0,764,1064,12.0,20.0,11
The Binding of Isaac,0.0,180.0,1.0,2.1815,130.0,160.0,316.0,8.0,0.0,0.0,2.5,232,132,0.0,0.0,9
Rebel Cops,30.5,55.0,2.0,2.8,55.0,2048.0,900.0,11.6,6.5,15.0,21.6,764,1064,2.0,2.0,10
Caesar IV,32.5,180.0,1.0,2.4,90.0,128.0,235.0,9.0,0.0,0.0,3.75,200,0,2.0,2.0,9
The Seed,66.5,130.0,1.0,2.165,77.5,128.0,375.0,9.0,1.0,1.0,8.8,132,0,3.0,3.0,9
FIFA 18,86.0,38.5,3.0,3.6,21.0,1536.0,1075.0,12.0,19.0,47.0,97.6,764,1064,50.0,50.0,11
Wayward Manor,37.0,65.0,2.0,3.23,45.0,128.0,255.0,10.05,4.0,14.0,8.15,132,764,2.0,2.0,9
Salt and Sacrifice,36.5,45.0,2.5,2.65,65.0,768.0,1046.5,10.05,11.0,36.0,67.0,232,832,2.0,2.0,10
Spate,70.5,77.5,2.0,2.5,45.0,384.0,400.0,9.0,0.0,0.0,12.8,132,764,2.0,2.0,9
Xotic,66.0,65.0,2.0,2.5,65.0,256.0,750.0,9.0,0.0,0.0,48.0,132,132,3.5,4.0,9
Captain Morgane and the Golden Turtle,0.0,180.0,1.0,1.665,155.0,128.0,166.5,9.0,0.0,0.0,2.65,132,132,3.0,3.0,9
Victory and Glory: Napoleon,66.5,155.0,1.0,2.1,77.5,320.0,550.0,9.5,1.0,2.5,6.8,132,132,0.0,0.0,9
ReCore,36.5,27.0,6.0,3.8,27.0,2048.0,1451.0,11.55,28.0,72.5,161.7,1064,1064,50.0,50.0,11
Civilization V: Gods And Kings,35.0,65.0,2.0,2.215,65.0,256.0,600.0,9.5,1.5,3.0,27.2,132,732,1.0,1.0,9
Sims 3: World Adventures,66.5,155.0,1.0,2.05,65.0,192.0,137.5,9.0,0.0,0.0,4.4,132,132,3.5,3.5,9
Grow Up,67.5,45.0,2.0,3.3,38.5,1024.0,925.0,11.0,13.5,26.0,86.4,132,764,1.0,1.0,9
Total War: Rome II,66.0,65.0,2.0,2.95,38.5,384.0,750.0,10.05,3.0,7.0,17.6,132,764,35.0,35.0,9
War of Rights,69.5,33.5,2.5,2.9,38.5,1536.0,1075.0,11.15,6.0,14.5,34.4,132,764,15.0,15.0,9
Zero Escape: The Nonary Games,33.5,45.0,2.5,3.25,27.0,1024.0,975.0,10.6,5.5,16.0,31.2,732,764,5.0,6.0,9
Fallback,36.5,32.0,3.0,3.95,27.0,2560.0,1501.5,11.6,34.0,89.5,176.1,764,1064,4.0,4.0,11
Need for Speed: Undercover,36.0,110.0,1.0,2.65,65.0,192.0,337.5,9.0,0.0,0.0,9.2,132,132,6.0,6.0,9
Mechwarrior Online,36.5,55.0,2.0,3.25,38.5,768.0,750.0,10.5,6.5,9.5,35.2,232,764,4.0,4.0,9
Magicka: Horror Props DLC,36.0,110.0,1.0,1.75,65.0,512.0,650.0,10.5,3.5,6.5,20.8,132,132,0.0,0.0,9
Infinite Crisis,71.5,38.5,2.5,2.8,38.5,768.0,900.0,11.0,4.0,13.5,57.6,132,764,2.0,2.0,9
Uppers,70.0,55.0,4.0,2.85,38.5,1024.0,1112.5,11.0,18.0,31.5,87.6,832,1064,2.0,2.0,11
Iron Danger,52.5,38.5,4.0,3.7,27.0,2048.0,1351.0,11.1,28.5,81.5,148.89999999999998,764,1064,5.0,5.0,11
Hyper Light Drifter,0.0,180.0,1.0,2.1815,130.0,160.0,316.0,8.0,0.0,0.0,2.5,232,132,0.0,0.0,9
Metro: Last Light Redux,36.0,65.0,2.0,3.2,45.0,512.0,1013.0,10.05,11.0,23.0,64.85,132,764,10.0,10.0,10
TheBluVR,67.0,27.0,6.0,3.5,22.0,6144.0,1626.5,12.0,72.5,170.5,304.2,764,764,4.0,4.0,11
Assassins Creed: Origins,52.5,32.0,5.0,3.7,27.0,2048.0,1451.0,11.15,27.5,78.5,161.7,764,1064,50.0,50.0,11
Fifa Manager 14,66.5,180.0,1.0,2.1,77.5,256.0,615.0,9.0,4.5,4.5,27.7,132,132,7.0,7.0,9
Evergate,70.5,65.0,2.0,2.4,55.0,1024.0,925.0,10.55,4.5,17.0,59.2,764,1064,0.0,0.0,9
The Rat Project,70.5,55.0,2.0,2.4,55.0,1024.0,800.0,10.6,5.5,16.0,18.4,132,1064,1.0,1.0,10
Werewolf: The Apocalypse,0.0,27.0,6.0,3.5,10.5,1024.0,1375.0,11.1,16.5,45.0,88.0,1064,1064,20.0,20.0,0
Doom & Destiny Advanced,32.5,65.0,2.0,3.2,33.5,768.0,450.0,10.6,3.0,6.5,7.2,732,732,0.0,0.0,10
Mecha Ace,66.5,180.0,1.0,2.1,77.5,320.0,550.0,9.5,1.0,2.5,6.8,132,132,0.0,0.0,9
Tropico 4,0.0,77.5,2.0,2.565,55.0,384.0,337.5,9.0,0.0,0.0,8.600000000000001,132,232,5.0,5.0,9
Interwebz TROLL Simulator,66.5,180.0,1.0,2.1,77.5,320.0,550.0,9.5,1.0,2.5,6.8,132,132,0.0,0.0,9
Max Payne 3: Deathmatch Made in Heaven,34.5,65.0,2.0,3.3,32.0,384.0,250.0,10.0,3.0,5.0,8.0,132,764,35.0,35.0,9
Final Fantasy XIV: Stormblood,34.5,32.0,5.0,3.05,32.0,1536.0,1437.5,11.6,17.5,48.5,92.0,732,1064,60.0,60.0,9
Storm The Game,36.0,180.0,1.0,1.85,65.0,320.0,550.0,9.5,1.0,2.5,6.8,132,132,2.0,2.0,9
Tropico 5 - Supervillain,71.0,65.0,2.0,2.35,38.5,1024.0,850.0,11.05,1.5,1.5,27.200000000000003,232,764,4.0,4.0,11
Ninja Gaiden Sigma,69.5,33.5,2.5,2.9,38.5,2048.0,1012.5,12.0,11.5,24.5,50.4,764,764,15.0,15.0,11
Hearts of Iron IV: Together For Victory,67.5,45.0,4.0,2.93,45.0,1152.0,918.5,11.0,23.5,43.0,130.95,764,232,2.0,2.0,9
Tell Me Why,36.5,18.0,4.0,3.5,18.0,512.0,1475.0,11.55,45.5,86.5,248.0,1064,1064,25.0,25.0,12
From Dust,65.0,65.0,2.0,2.83,45.0,384.0,865.0,10.05,10.5,22.5,55.35,132,132,4.0,4.0,9
Rocket League,71.0,65.0,2.0,2.25,48.5,320.0,800.0,10.0,7.0,16.5,44.8,132,732,2.0,2.0,9
War Thunder,66.0,130.0,1.0,2.45,65.0,256.0,830.0,9.0,3.5,5.5,53.1,132,764,8.0,8.0,9
DwarfHeim,36.5,65.0,2.0,3.45,32.0,704.0,949.5,10.05,14.0,33.5,113.55,764,1064,10.0,30.0,9
Kingdoms of Amalur: The Legend of Dead Kel,71.0,65.0,2.0,2.5,55.0,192.0,400.0,10.05,3.5,13.0,19.2,132,132,1.0,1.0,9
Bee Simulator,50.0,32.0,6.0,3.4000000000000004,14.0,2048.0,1476.0,11.55,33.5,109.5,188.95,764,1064,10.0,10.0,11
Dead Space Remake,36.5,38.5,3.0,3.75,27.0,7168.0,2001.0,12.05,62.5,165.0,224.1,764,764,40.0,40.0,11
Deponia,36.0,130.0,1.0,2.7,77.5,512.0,595.0,10.55,3.5,6.5,9.5,132,132,5.0,5.0,9
Train Simulator 2012: GWR King Add-On,36.0,130.0,1.0,1.85,65.0,256.0,400.0,10.5,3.5,4.5,9.6,132,132,0.0,0.0,9
Matador,66.5,180.0,1.0,2.1,77.5,320.0,550.0,9.5,1.0,2.5,6.8,132,132,0.0,0.0,9
Shadow Brawlers,65.5,155.0,1.0,2.2,55.0,512.0,1013.0,10.05,11.0,23.0,64.85,732,1064,1.0,1.0,10
Age of Conan: Hyborian Adventures,36.0,77.5,2.0,2.865,45.0,256.0,840.0,9.5,2.0,4.5,42.55,132,132,27.0,27.0,9
Command & Conquer: Red Alert 3 - Uprising,72.5,130.0,1.0,2.25,65.0,256.0,625.0,9.0,0.0,0.0,34.4,132,132,10.0,10.0,9
SPACERIFT: Arcanum System,50.0,45.0,2.0,3.1,14.0,768.0,1112.5,11.0,18.0,31.5,87.6,132,1064,5.0,5.0,11
Castlevania: Lords of Shadow 2,71.0,65.0,2.0,2.465,45.0,128.0,255.0,10.05,4.0,14.0,8.15,132,764,10.0,10.0,9
State Of Decay 2: Juggernaut Edition,36.5,32.0,5.0,3.6,27.0,2048.0,1351.0,11.1,32.5,89.5,172.95,1064,1064,16.0,30.0,11
Life of Rome,33.5,65.0,4.0,3.6,27.0,512.0,900.0,10.05,11.0,32.0,86.4,764,864,30.0,30.0,10
Drive,37.0,65.0,2.0,3.23,45.0,128.0,255.0,10.05,4.0,14.0,8.15,132,764,2.0,2.0,9
Lords Of Football,72.0,65.0,2.0,3.115,45.0,640.0,600.0,10.05,1.0,2.5,12.8,232,764,9.0,9.0,9
Tribes of Midgard,36.5,32.0,5.0,3.15,32.0,1024.0,1063.0,11.05,21.0,42.5,100.05,764,1064,8.0,8.0,11
The Sexy Brutale,36.5,27.0,6.0,3.35,23.0,2048.0,1351.0,11.1,26.5,69.0,148.89999999999998,764,764,3.0,40.0,11
Fifos Night,36.5,32.0,4.0,2.95,22.0,1536.0,1251.0,11.05,25.0,60.0,136.1,764,1064,2.0,2.0,9
Rays The Dead,37.0,65.0,2.0,3.23,45.0,128.0,255.0,10.05,4.0,14.0,8.15,132,764,2.0,2.0,9
Among Us,70.5,55.0,2.0,2.4,55.0,256.0,600.0,10.0,2.0,3.0,8.0,732,1064,0.0,0.0,10
Sir You Are Being Hunted,73.0,65.0,2.0,2.315,55.0,640.0,800.0,10.5,3.0,8.5,18.4,132,764,0.0,0.0,9
GORN,36.5,27.0,6.0,3.3,18.0,4096.0,1751.5,12.0,53.0,141.0,224.2,1064,1064,2.0,2.0,11
1971 Project Helios,0.0,38.5,4.0,3.8,14.0,1792.0,1101.0,11.55,34.5,64.5,173.0,764,1064,3.0,3.0,11
Rebel Galaxy Outlaw,36.5,38.5,2.5,3.3,32.0,1024.0,950.0,11.5,23.5,37.5,121.6,264,764,20.0,20.0,9
Rocksmith - Tone Customization - Time Saver Pack,67.0,77.5,2.0,2.88,65.0,256.0,700.0,10.0,3.5,7.5,22.4,132,764,1.0,1.0,9
Maiden and Spell,30.5,180.0,1.0,2.8,55.0,256.0,600.0,10.0,2.0,3.0,8.0,732,1064,0.0,0.0,10
Monster Energy Supercross - The Official Videogame 3,33.5,25.0,4.0,3.55,18.0,2048.0,1451.0,11.55,33.5,91.5,185.75,764,1064,10.0,10.0,11
Syrian Warfare,73.5,32.0,3.0,3.6,27.0,1024.0,937.5,10.55,8.5,23.5,76.8,764,1064,10.0,10.0,9
Your Chronicle,32.5,38.5,2.5,3.2,33.5,256.0,250.0,10.05,2.0,3.5,2.0,764,1064,1.0,1.0,10
Total War: Rome II - Empire Divided,66.0,65.0,2.0,2.95,38.5,384.0,750.0,10.05,3.0,7.0,17.6,132,764,35.0,35.0,9
NBA 2K18,36.5,38.5,3.0,3.55,27.0,1024.0,950.0,11.0,13.5,26.5,49.6,764,1064,70.0,70.0,11
Halfway,66.5,180.0,1.0,2.1,77.5,320.0,550.0,9.5,1.0,2.5,6.8,132,132,1.0,1.0,9
Total War Saga: Troy,50.0,55.0,2.5,3.45,13.0,1024.0,1050.0,11.5,18.0,36.0,96.0,764,1064,26.0,26.0,11
Friday the 13th: Killer Puzzle - Episode 6: Slayground,30.5,155.0,1.0,2.7,55.0,384.0,600.0,10.0,2.0,3.0,9.6,732,1064,0.0,0.0,9
Malicious Payload,50.0,27.0,6.0,3.4,14.0,4096.0,1751.5,12.0,53.5,152.5,224.2,764,1064,2.0,2.0,11
Anno 2070: The Development,31.0,77.5,2.0,3.1500000000000004,55.0,768.0,850.0,11.0,3.0,5.5,13.6,132,764,5.0,5.0,9
Arcade Tycoon,32.5,38.5,3.0,2.8,38.5,512.0,700.0,10.5,1.5,3.0,22.4,764,1064,1.5,1.5,10
Rocksmith - Ultimate Time Saver Bundle,67.0,77.5,2.0,2.88,65.0,256.0,700.0,10.0,3.5,7.5,22.4,132,764,1.0,1.0,9
Half-Life 2: Episode 1,32.5,180.0,1.0,2.4,90.0,128.0,200.0,10.0,2.0,3.0,3.2,132,0,1.5,4.5,9
The Falconeer,36.5,25.0,3.0,3.75,27.0,1536.0,1351.0,11.05,19.5,58.5,110.5,1064,764,5.0,5.0,11
Almighty: Kill Your Gods,47.5,22.0,4.0,3.3,10.5,2048.0,1526.5,11.65,36.0,70.5,142.5,1064,1064,10.0,10.0,11
Left 4 Dead 2,72.5,130.0,1.0,2.3,77.5,256.0,750.0,9.5,1.5,3.5,24.0,132,132,7.5,7.5,9
Jotun,66.5,180.0,1.0,2.1,77.5,384.0,250.0,10.0,2.0,3.5,2.0,732,764,10.0,8.0,10
Call of Duty: Modern Warfare 2 Remastered,36.5,27.0,4.0,3.45,23.0,2560.0,1376.0,11.1,28.5,100.0,216.15,764,1064,80.0,80.0,11
unwind,66.5,180.0,1.0,2.1,77.5,320.0,550.0,9.5,1.0,2.5,6.8,132,132,0.0,0.0,9
Failspace,0.0,27.0,6.0,3.1500000000000004,14.0,4096.0,1751.5,12.0,54.5,158.0,224.2,764,1064,5.0,5.0,11
Pneuma: Breath of Life,66.5,180.0,1.0,2.1,77.5,320.0,550.0,9.5,1.0,2.5,6.8,132,132,0.0,0.0,9
Life Is Feudal,67.5,38.5,3.0,3.35,38.5,1024.0,950.0,11.5,22.5,45.0,121.6,764,764,5.0,10.0,11
Dragon Age: The Last Court,66.5,180.0,1.0,2.1,77.5,320.0,550.0,9.5,1.0,2.5,6.8,132,132,0.0,0.0,9
Monochroma,66.5,155.0,1.0,2.1,77.5,256.0,200.0,10.1,2.5,2.5,3.2,132,132,4.0,4.0,9
Ninja Guy,66.5,180.0,1.0,2.1,77.5,320.0,550.0,9.5,1.0,2.5,6.8,132,132,0.0,0.0,9
Call of Duty Warzone,36.5,27.0,4.0,3.45,23.0,2560.0,1376.0,11.1,28.5,100.0,216.15,764,1064,175.0,175.0,11
Haydee,68.5,55.0,2.5,2.45,29.5,1024.0,1001.0,11.0,13.0,28.5,64.05000000000001,264,764,1.0,1.0,11
Forbidden Sanctity,66.5,180.0,1.0,2.1,77.5,320.0,550.0,9.5,1.0,2.5,6.8,132,132,0.0,0.0,9
Apollo4X,66.5,180.0,1.0,2.1,77.5,320.0,550.0,9.5,1.0,2.5,6.8,132,132,0.0,0.0,9
Lethal VR,36.5,27.0,6.0,3.8,27.0,6144.0,1626.5,12.0,65.0,141.5,304.2,1064,1064,0.0,0.0,0
Tools Up!,73.5,32.0,3.0,3.5,32.0,1024.0,950.0,11.0,4.0,14.5,46.4,764,1064,3.0,3.0,11
Backstage Press,66.5,180.0,1.0,2.1,77.5,320.0,550.0,9.5,1.0,2.5,6.8,132,132,0.0,0.0,9
Freeman: Guerrilla Warfare,36.5,32.0,6.0,3.75,18.0,2048.0,1476.0,11.55,33.5,109.5,188.95,764,1064,8.0,10.0,10
Battlefield 2042,36.5,10.5,5.0,3.65,17.0,4096.0,1751.0,12.05,32.5,74.5,112.05,1064,1064,100.0,100.0,12
Clash: Artifacts of Chaos,36.5,38.5,3.0,3.75,27.0,2048.0,1487.5,11.6,17.5,53.5,95.2,764,764,40.0,40.0,11
Wolfenstein: Youngblood,36.5,18.0,4.0,3.5,18.0,3072.0,1501.0,11.6,48.0,145.5,272.15,764,1064,40.0,40.0,11
ShootMania Storm,36.0,180.0,1.0,2.55,65.0,128.0,250.0,9.5,1.5,1.5,8.0,132,132,2.0,2.0,9
Tales From The Borderlands: Episode 1 - Zer0 Sum,36.5,155.0,1.0,2.5,65.0,768.0,550.0,10.1,3.5,10.5,14.4,132,132,2.0,2.0,9
Company of Heroes 2,71.5,65.0,2.0,2.8,38.5,512.0,864.0,10.0,11.0,23.0,81.8,132,764,30.0,30.0,9
Destination Sol,66.5,180.0,1.0,2.1,77.5,320.0,550.0,9.5,1.0,2.5,6.8,132,132,0.0,0.0,9
Dice Legacy,0.0,23.0,2.0,3.55,14.0,1536.0,1313.5,11.1,19.0,54.5,108.1,1064,1064,2.0,2.0,11
Clones,0.0,180.0,1.0,2.1585,130.0,128.0,133.0,9.0,0.0,0.0,1.05,732,0,0.0,0.0,9
South Park: Stick of Truth - Super Samurai Spaceman,72.0,65.0,2.0,2.88,45.0,640.0,810.0,10.1,7.5,12.0,25.950000000000003,132,764,6.0,6.0,9
Sleeping Dogs: Nightmare in North Point,35.0,65.0,2.0,2.215,65.0,768.0,900.5,11.0,14.5,25.0,76.85,232,764,1.0,1.0,10
RE:OZMA,72.0,45.0,2.0,2.85,38.5,1024.0,1026.0,11.0,12.0,25.0,65.65,764,1064,0.0,1.0,11
Visage,50.0,14.0,3.0,3.5,14.0,2048.0,1526.5,12.05,34.5,59.5,142.5,764,1032,10.0,10.0,10
Constantine,0.0,155.0,1.0,1.7915,130.0,128.0,600.0,10.0,2.0,3.0,3.2,132,132,2.0,2.0,9
Rage Some More!,66.5,180.0,1.0,2.1,77.5,320.0,550.0,9.5,1.0,2.5,6.8,132,132,0.0,0.0,9
Tiny Tina's Wonderlands,36.5,27.0,6.0,3.4,17.0,3072.0,1701.5,12.05,38.5,114.5,161.7,1064,1064,75.0,75.0,11
Shadowgate,60.0,65.0,2.0,2.66,65.0,128.0,255.0,10.05,4.0,14.0,8.15,132,764,0.0,0.0,9
Call Of Duty: Ghosts - Nemesis,71.0,55.0,2.5,2.58,45.0,1024.0,1051.0,11.0,20.0,46.5,105.65,764,764,40.0,40.0,11
Aliens: Fireteam,84.0,38.5,3.0,3.4000000000000004,18.0,1024.0,1187.5,11.1,16.5,37.0,76.0,764,1064,30.0,30.0,11
Sanctum 2: Ruins Of Brightholme,71.0,77.5,2.0,2.5,55.0,512.0,850.0,9.5,2.5,5.5,38.4,132,732,2.0,2.0,9
Cruelty Squad,36.5,13.0,4.0,3.75,27.0,3072.0,1751.0,12.05,33.0,62.5,56.05,764,1064,1.0,1.0,11
Headspun,71.0,30.0,3.0,2.45,55.0,960.0,1074.5,10.5,13.5,31.0,92.75,764,1064,7.5,7.5,11
Deus Ex 3: Explosive Mission Pack,35.5,65.0,2.0,2.9,55.0,448.0,814.0,10.0,9.5,19.0,72.2,132,732,1.0,1.0,9
Power of Defense,0.0,180.0,1.0,2.5835,110.0,192.0,337.5,9.0,0.0,0.0,5.4,732,0,0.0,0.0,9
Star Wars: BattleCry,37.0,65.0,2.0,3.23,45.0,128.0,255.0,10.05,4.0,14.0,8.15,132,764,2.0,2.0,9
Blood Spear,102.5,14.0,8.0,2.9,10.5,3072.0,1751.0,12.05,33.0,62.5,56.05,1064,1064,2.0,2.0,11
Zeit Squared,72.0,65.0,2.0,2.365,77.5,256.0,830.0,9.0,0.0,0.0,53.1,132,132,1.0,1.0,9
The Binding of Isaac: Rebirth,66.5,180.0,1.0,2.1,77.5,320.0,550.0,9.5,1.0,2.5,6.8,132,132,0.0,0.0,9
F.E.A.R. Extraction Point,0.0,180.0,1.0,2.5835,110.0,128.0,133.0,9.0,0.0,0.0,1.05,132,0,3.5,4.0,9
Steep: Rocket Wings,52.5,32.0,5.0,3.75,27.0,2048.0,1376.0,11.55,20.5,69.5,112.1,764,764,25.0,25.0,11
Moons of Ventocia,68.0,38.5,3.0,2.55,38.5,1024.0,901.0,11.0,9.0,19.0,43.25,764,1064,5.0,5.0,11
Eve Online: Rubicon,65.0,65.0,2.0,3.03,45.0,384.0,1075.0,10.0,4.0,9.0,34.4,132,764,20.0,20.0,9
Explodemon!,66.5,65.0,2.0,1.9,77.5,256.0,450.0,10.0,3.0,4.5,14.4,132,132,3.0,3.0,9
City of Steam,66.5,155.0,1.0,2.1,77.5,384.0,400.0,10.05,2.0,3.5,6.4,132,232,2.0,2.0,9
Wire Lips,67.0,45.0,4.0,2.95,32.0,1024.0,950.0,11.0,4.0,14.5,46.4,764,1064,1.0,1.0,9
Sherlock Holmes: The Devils Daughter,70.0,32.0,3.0,3.1,30.0,1024.0,1251.0,11.05,20.5,50.0,112.15,764,764,20.0,20.0,11
Galactic Civilizations III,71.5,65.0,4.0,2.8,38.5,2048.0,850.0,11.0,8.5,15.0,33.6,764,764,12.0,15.0,9
The Great Paper Adventure,66.5,180.0,1.0,2.1,77.5,320.0,550.0,9.5,1.0,2.5,6.8,132,132,0.0,0.0,9
Cafe 0: The Drowned Mermaid,66.5,180.0,1.0,2.1,77.5,320.0,550.0,9.5,1.0,2.5,6.8,132,132,0.0,0.0,9
Ravenfield,67.0,38.5,3.0,2.95,38.5,1536.0,1187.5,11.6,6.5,15.0,56.0,132,764,15.0,15.0,9
The Few,66.5,180.0,1.0,2.1,77.5,320.0,550.0,9.5,1.0,2.5,6.8,132,132,0.0,0.0,9
Karos,66.5,180.0,1.0,2.1,77.5,320.0,550.0,9.5,1.0,2.5,6.8,132,132,0.0,0.0,9
Professional Farmer 2014,35.0,65.0,2.0,2.215,65.0,256.0,650.0,9.55,4.5,6.0,28.8,132,164,4.0,4.0,9
Worms Clan Wars,66.5,180.0,1.0,2.1,77.5,320.0,550.0,9.5,1.0,2.5,6.8,132,132,2.0,2.0,9
Scare,66.5,180.0,1.0,2.1,77.5,320.0,550.0,9.5,1.0,2.5,6.8,132,132,0.0,0.0,9
World War 3,36.5,32.0,6.0,3.6,18.0,2048.0,1476.0,11.55,33.5,109.5,188.95,764,1064,35.0,35.0,11
Contraband,36.5,32.0,5.0,3.3,18.0,2048.0,1451.0,11.55,31.5,79.0,185.75,764,1032,59.0,59.0,11
The Sims 4 Star Wars: Journey to Batuu,36.5,97.5,1.5,3.5,32.0,192.0,437.5,9.0,0.0,0.0,14.0,132,1064,9.0,9.0,9
Model Builder,0.0,33.5,3.0,3.0,14.0,1536.0,1313.0,11.5,22.0,53.5,116.05,764,1064,4.0,4.0,11
Mod and Play,36.5,38.5,4.0,3.25,32.0,1152.0,943.5,11.0,26.5,42.0,134.15,764,1064,0.0,1.0,11
Sleeping Dogs: Street Racer,35.0,65.0,2.0,2.215,65.0,768.0,900.5,11.0,14.5,25.0,76.85,232,764,1.0,1.0,10
Tigers on the Hunt,66.5,130.0,1.0,2.1,77.5,320.0,550.0,9.5,1.0,2.5,6.8,132,132,0.0,0.0,9
Starship Corporation,33.5,32.0,6.0,3.45,27.0,768.0,450.0,10.6,3.0,6.5,7.2,132,764,2.0,2.0,9
Fokus,66.5,180.0,1.0,2.1,77.5,320.0,550.0,9.5,1.0,2.5,6.8,132,132,0.0,0.0,9
Bang-On Balls: Chronicles,0.0,14.0,4.0,3.2,13.0,2048.0,1351.0,11.1,26.5,69.0,148.89999999999998,1064,1064,3.0,3.0,11
Sam and Max Save the World Remastered,36.5,55.0,2.0,3.0,55.0,1024.0,1013.5,11.05,13.0,25.5,64.85,764,1064,2.0,2.0,11
The Old Tree,66.5,180.0,1.0,2.1,77.5,320.0,550.0,9.5,1.0,2.5,6.8,132,132,0.0,0.0,9
Brothers: A Tale of Two Sons,37.0,65.0,2.0,3.23,45.0,128.0,255.0,10.05,4.0,14.0,8.15,132,764,6.0,6.0,9
Skul: The Hero Slayer,36.5,32.0,5.0,3.15,32.0,768.0,1026.0,11.0,12.0,25.0,65.65,732,1064,0.0,0.0,9
Warface,0.0,77.5,2.0,3.0650000000000004,67.5,256.0,850.0,9.5,2.0,4.5,43.2,132,764,6.0,6.0,9
City Car Driving,71.5,45.0,2.0,3.4000000000000004,32.0,2048.0,900.0,11.6,11.0,24.0,28.8,764,132,10.0,10.0,11
Sonic Generations,36.5,65.0,2.0,2.93,45.0,512.0,850.0,10.0,10.0,22.0,54.400000000000006,132,732,11.0,11.0,9
Blackbay Asylum,66.5,180.0,1.0,2.1,77.5,320.0,550.0,9.5,1.0,2.5,6.8,132,132,0.0,0.0,9
D4,36.5,45.0,4.0,4.1,11.0,1152.0,943.5,11.0,26.5,42.0,134.15,764,864,10.0,20.0,11
The Legend of HyperStar,0.0,23.0,6.0,3.3,14.0,1024.0,1751.0,12.05,33.0,62.5,56.05,764,1064,8.0,8.0,11
11-11 Memories Retold,52.5,38.5,4.0,3.7,27.0,2048.0,1351.0,11.1,28.5,81.5,148.89999999999998,764,0,6.0,6.0,11
Guardians of Victoria,32.5,65.0,2.0,3.2,33.5,512.0,1013.0,10.05,11.0,23.0,64.85,732,764,0.0,0.0,9
WarBirds 2012,0.0,180.0,1.0,2.4665,130.0,128.0,525.0,9.0,1.5,1.5,28.0,200,200,1.5,1.5,9
Qbeh-1: The Atlas Cube,66.5,45.0,1.0,2.1,77.5,320.0,550.0,9.5,1.0,2.5,6.8,232,732,3.0,3.0,9
Kick Ass Commandos,66.5,180.0,1.0,2.1,77.5,320.0,550.0,9.5,1.0,2.5,6.8,132,132,0.0,0.0,9
Alpha Polaris,0.0,155.0,1.0,2.5835,110.0,192.0,337.5,9.0,0.0,0.0,5.4,132,132,2.0,2.0,9
Streets of Moscow,72.5,110.0,1.0,2.2,77.5,192.0,304.0,9.0,1.0,1.0,4.85,132,132,3.0,3.0,9
Stars in Shadow,65.5,65.0,2.0,2.515,65.0,1280.0,900.0,10.6,8.0,25.0,43.2,132,764,0.0,0.0,9
Continents,66.5,180.0,1.0,2.1,77.5,320.0,550.0,9.5,1.0,2.5,6.8,132,132,0.0,0.0,9
Pixel Galaxy,32.5,65.0,2.0,3.2,33.5,512.0,850.0,10.05,11.0,28.5,54.400000000000006,732,732,0.0,0.0,9
Battlerite,32.5,45.0,2.0,3.2,33.5,768.0,450.0,10.6,3.0,6.5,7.2,732,764,1.5,1.5,9
Jagged Alliance: Back in Action,71.5,65.0,2.0,3.05,38.5,320.0,750.0,9.5,3.5,13.0,41.6,132,132,3.0,3.0,9
Biker Garage: Mechanic Simulator,36.5,27.0,6.0,3.65,27.0,4096.0,1501.5,11.6,63.5,137.5,272.2,764,1064,5.0,5.0,11
Gear Up,36.0,180.0,1.0,1.85,65.0,320.0,550.0,9.5,1.0,2.5,6.8,132,132,1.0,1.0,9
Warlock 2: The Exiled,63.5,67.5,2.0,3.3,33.5,640.0,850.0,10.5,14.5,23.0,75.2,264,764,0.0,0.0,9
Stronghold Crusader 2,37.0,77.5,2.0,3.05,45.0,512.0,864.0,10.0,11.0,23.0,81.8,132,764,6.0,6.0,9
Midnight Club 2,0.0,180.0,1.0,1.83,155.0,0.0,0.0,9.5,0.0,0.0,0.0,98,132,1.6,1.6,9
Forza Motorsport 7,36.5,45.0,4.0,3.6,27.0,2048.0,1012.5,11.6,15.5,35.0,50.4,1064,1064,55.0,55.0,12
Citadel: Forged with Fire,36.5,33.5,2.5,3.45,32.0,2560.0,1451.5,11.6,34.0,80.5,172.9,764,764,20.0,20.0,10
Gratuitous Space Battles: The Tribe,39.0,180.0,1.0,1.75,65.0,192.0,437.5,9.0,0.0,0.0,14.0,132,132,0.0,0.0,9
Yonder: The Cloud Catcher Chronicles,36.5,38.5,3.0,3.95,27.0,1536.0,1425.0,11.15,15.5,53.5,91.2,264,764,20.0,20.0,11
Underworld Ascendant,0.0,14.0,4.0,3.3,14.0,2048.0,1426.5,11.6,35.0,68.5,129.7,1064,1064,45.0,45.0,11
Death Cabin,66.5,180.0,1.0,2.1,77.5,320.0,550.0,9.5,1.0,2.5,6.8,132,132,0.0,0.0,9
Tetrobot and Co.,0.0,38.5,3.0,2.4165,110.0,32.0,125.0,9.05,1.0,2.0,2.0,132,732,1.0,0.0,9
Lords of Xulima,66.5,180.0,1.0,2.1,77.5,320.0,550.0,9.5,1.0,2.5,6.8,132,132,0.0,0.0,9
Sword Coast Legends,67.5,65.0,2.0,3.3,38.5,512.0,946.5,10.05,10.0,29.5,60.6,132,764,20.0,20.0,11
The Shattering,36.5,32.0,3.0,3.4,27.0,2048.0,1375.0,11.2,23.5,51.0,132.8,1064,1064,8.0,8.0,11
Need For Speed: Most Wanted 2 Ultimate Speed,35.0,65.0,2.0,2.165,65.0,256.0,750.0,10.05,3.5,7.5,24.0,232,764,2.0,2.0,10
Face Noir,32.5,155.0,1.0,2.7,38.5,320.0,550.0,9.5,1.0,2.5,6.8,132,132,2.0,2.0,9
Terje Haakonsens Powder VR,36.5,27.0,6.0,3.3,18.0,7168.0,2001.0,12.05,61.5,159.5,224.1,764,1064,10.0,10.0,11
Crusader Kings II: Sunset Invasion,66.0,110.0,1.0,2.3665000000000003,65.0,384.0,950.0,9.5,5.0,8.0,60.8,132,132,1.0,1.0,9
SLUDGE LIFE,65.5,65.0,2.0,3.25,38.5,128.0,200.0,9.55,1.0,1.0,6.4,764,764,2.0,2.0,11
Book of Yog Idle RPG,36.5,38.5,3.0,3.15,32.0,768.0,899.0,11.05,3.0,6.0,21.6,764,1064,0.0,1.0,9
Tony Hawks Pro Skater 1 and 2,36.5,38.5,3.0,3.75,27.0,3072.0,1751.0,12.05,33.5,70.0,112.05,764,764,5.0,5.0,11
Pro Cycling Manager 2016,67.0,65.0,2.0,3.05,55.0,256.0,850.0,10.0,4.0,8.5,27.2,232,764,11.0,11.0,9
Metal Unit,36.5,32.0,5.0,3.15,32.0,768.0,1026.0,11.0,12.0,25.0,65.65,764,1064,0.0,0.0,10
Strike Suit Infinity,71.0,65.0,2.0,2.5,55.0,768.0,1000.0,10.05,9.0,35.5,64.0,164,764,2.5,2.5,11
System Shock 3,36.5,38.5,3.0,3.95,27.0,1536.0,1425.0,11.15,15.5,53.5,91.2,264,764,20.0,20.0,11
Milanoir,70.5,48.5,3.0,2.35,65.0,384.0,400.0,10.05,2.0,4.5,9.6,764,1064,1.0,1.0,9
Cities XL,67.0,130.0,1.0,3.05,65.0,384.0,450.0,9.0,0.0,0.0,14.4,132,132,8.0,8.0,9
Cyber Emoji Tale 2099,30.5,55.0,2.0,2.8,55.0,768.0,899.0,11.05,3.0,6.0,21.6,132,1064,0.0,0.0,11
Fragmented,36.5,65.0,2.0,3.65,32.0,1024.0,950.0,11.5,22.5,45.0,121.6,264,0,10.0,10.0,10
Starlight Inception,36.0,65.0,2.0,2.165,77.5,768.0,1063.5,10.55,19.0,28.5,100.1,132,764,6.0,6.0,9
StarDrone VR,36.5,23.0,3.0,3.4,27.0,1024.0,1751.5,12.05,28.5,71.0,56.1,1064,1064,0.0,0.0,11
Borderlands,66.0,130.0,1.0,2.55,65.0,256.0,525.0,9.5,1.5,3.0,16.799999999999997,132,132,8.0,8.0,9
Ragnarock,0.0,23.0,4.0,3.6,14.0,7168.0,2001.0,12.05,62.5,165.0,224.1,1064,1064,2.0,2.0,11
Fable 4,0.0,32.0,6.0,3.6,14.0,2048.0,1564.0,12.05,34.5,92.0,144.1,764,764,50.0,50.0,11
Homeworld: Deserts of Kharak,34.0,32.0,3.0,3.43,38.5,1280.0,937.5,10.55,14.0,24.0,84.0,732,764,8.0,12.0,10
Dream Cycle,0.0,14.0,4.0,3.4000000000000004,10.5,4096.0,1751.0,12.05,42.5,113.0,168.05,1064,1064,25.0,25.0,11
Rainy Day,66.5,180.0,1.0,2.1,77.5,320.0,550.0,9.5,1.0,2.5,6.8,132,132,0.0,0.0,9
Saints Row 3 Remastered,36.5,27.0,5.0,3.5,27.0,3072.0,1626.0,11.55,32.5,121.0,184.1,1064,1064,46.0,46.0,11
The Jackbox Party Pack 5,70.5,48.5,2.0,2.365,45.0,384.0,500.0,10.0,2.0,5.0,10.0,132,1064,3.0,3.0,9
Pit People,32.5,65.0,2.0,3.2,33.5,768.0,450.0,10.6,3.0,6.5,7.2,264,764,1.0,1.0,9
Element TD 2 - Multiplayer Tower Defense,32.5,65.0,2.0,3.2,33.5,768.0,450.0,10.6,3.0,6.5,7.2,864,1064,9.0,9.0,9
Tormented Souls,36.5,32.0,6.0,3.4000000000000004,18.0,1024.0,1037.5,11.0,17.5,31.5,116.4,764,764,4.0,4.0,11
Island Saga,70.0,55.0,2.0,2.85,38.5,768.0,650.0,10.6,5.5,16.0,13.6,764,1064,6.0,6.0,9
Super Splatters,66.5,180.0,1.0,2.1,77.5,256.0,800.0,10.5,4.5,7.0,25.6,132,132,1.0,1.0,9
School of Dragons:How to train your dragon,66.5,180.0,1.0,2.1,77.5,320.0,550.0,9.5,1.0,2.5,6.8,132,132,0.0,0.0,9
Boomerang Fu,34.5,30.0,3.0,3.5,32.0,1024.0,1200.0,11.05,14.0,46.5,110.4,764,1064,0.0,0.0,11
Lucius 3,36.5,23.0,4.0,3.5,18.0,2048.0,1451.0,11.15,27.5,78.5,161.7,764,1064,25.0,25.0,9
